Method,time_rel,E_u_cl_abs_ensemble_rms_L2,E_v_cl_abs_ensemble_rms_L2,E_cl_abs_ensemble_rms_L2
GNOT,0.1,0.00015820344402353684,0.00017987077638492404,0.00016903711020423043
GNOT,0.2,0.00021448434314908434,0.00023434916833037293,0.00022441675573972862
GNOT,0.30000000000000004,0.00027092389948392095,0.000267308094254036,0.0002691159968689785
GNOT,0.4,0.0003126772976248206,0.0003061541340067096,0.0003094157158157651
GNOT,0.5,0.00033917598967696255,0.00034072285125802355,0.00033994942046749305
GNOT,0.6000000000000001,0.0003705167737425631,0.0003493181166170904,0.0003599174451798268
GNOT,0.7000000000000001,0.0003943725880411261,0.0003899907030077943,0.0003921816455244602
GNOT,0.8,0.00041120277132887,0.0004083475131673989,0.00040977514224813447
GNOT,0.9,0.00042829638373399705,0.00043540775712726893,0.000431852070430633
GNOT,1.0,0.00044123356760590647,0.00047612717838119205,0.0004586803729935493
GNOT,1.1,0.0004462951329876106,0.0004719894559757369,0.00045914229448167375
GNOT,1.2000000000000002,0.00044683520111553604,0.00047293062529931123,0.00045988291320742363
GNOT,1.3,0.0004497114544309661,0.00047866422275117694,0.0004641878385910715
GNOT,1.4000000000000001,0.00045178585046395654,0.00047663435889553187,0.0004642101046797442
GNOT,1.5,0.00046226395951970287,0.000469373066544809,0.0004658185130322559
GNOT,1.6,0.0004740670748172676,0.0004719922809932306,0.0004730296779052491
GNOT,1.7000000000000002,0.0004933196083165538,0.0004778990710472705,0.0004856093396819122
GNOT,1.8,0.0005176388355181096,0.0004825186073722558,0.0005000787214451827
GNOT,1.9000000000000001,0.000539732445781351,0.00047779126228022774,0.0005087618540307894
GNOT,2.0,0.0005588251061452253,0.0004884860998846804,0.0005236556030149529
GNOT,2.1,0.0005807596543937577,0.0005006389740292978,0.0005406993142115278
GNOT,2.2,0.0005999977763556509,0.0004928134958234871,0.0005464056360895691
GNOT,2.3000000000000003,0.0006120860946337276,0.0004939844179290806,0.0005530352562814041
GNOT,2.4000000000000004,0.0006267492978458605,0.0005039498934340023,0.0005653495956399314
GNOT,2.5,0.0006395872800244258,0.0005077725344220916,0.0005736799072232587
GNOT,2.6,0.0006460347868590224,0.0005179543948473252,0.0005819945908531739
GNOT,2.7,0.0006430810598980733,0.0005298659193462112,0.0005864734896221422
GNOT,2.8000000000000003,0.0006386903677161926,0.0005408527319013676,0.0005897715498087801
GNOT,2.9000000000000004,0.0006387344279017207,0.0005629834730999288,0.0006008589505008248
GNOT,3.0,0.0006460838218826312,0.0005889974927763643,0.0006175406573294977
GNOT,3.1,0.0006552849616961315,0.0006084052737073746,0.0006318451177017531
GNOT,3.2,0.0006629211605612232,0.0006267951934552472,0.0006448581770082352
GNOT,3.3000000000000003,0.0006640105770819826,0.0006489565886633045,0.0006564835828726436
GNOT,3.4000000000000004,0.000672362022280506,0.0006764176278531567,0.0006743898250668313
GNOT,3.5,0.000687366479620301,0.0006933472585850498,0.0006903568691026754
GNOT,3.6,0.0007024214723165258,0.0006993936301632975,0.0007009075512399116
GNOT,3.7,0.0007188283197083717,0.0007067170203786041,0.0007127726700434879
GNOT,3.8000000000000003,0.0007314049701072109,0.000710812212785758,0.0007211085914464845
GNOT,3.9000000000000004,0.0007399730329179561,0.0007228043343270777,0.0007313886836225169
GNOT,4.0,0.0007468702715935884,0.0007343311519938654,0.0007406007117937269
GNOT,4.1000000000000005,0.000754254069277508,0.0007428933200174108,0.0007485736946474593
GNOT,4.2,0.0007589543938309843,0.0007458661481169864,0.0007524102709739853
GNOT,4.3,0.0007476087990255465,0.0007483683698552067,0.0007479885844403766
GNOT,4.4,0.0007325797024981347,0.000745942668428493,0.0007392611854633138
GNOT,4.5,0.0007186686778122327,0.0007392691528511714,0.000728968915331702
GNOT,4.6000000000000005,0.0007063503186461096,0.0007312842144706728,0.0007188172665583912
GNOT,4.7,0.0006974192868911864,0.0007209648930006174,0.0007091920899459018
GNOT,4.800000000000001,0.0006969187530543712,0.0007198019406070567,0.000708360346830714
GNOT,4.9,0.0006963031220767889,0.0007309651481097398,0.0007136341350932644
GNOT,5.0,0.0006949401161664497,0.0007391423448685967,0.0007170412305175232
GNOT,5.1000000000000005,0.0006975158951494725,0.0007398523525661111,0.0007186841238577918
GNOT,5.2,0.000703556379264302,0.0007277060589183373,0.0007156312190913196
GNOT,5.300000000000001,0.000711629120571503,0.0007126339651268321,0.0007121315428491675
GNOT,5.4,0.0007202280224108621,0.0006986315514064739,0.0007094297869086679
GNOT,5.5,0.0007337986594169111,0.0006729702776818881,0.0007033844685493996
GNOT,5.6000000000000005,0.0007483943447775033,0.0006636618242316431,0.0007060280845045732
GNOT,5.7,0.0007629290944670989,0.0006612050303456514,0.0007120670624063752
GNOT,5.800000000000001,0.0007676509108169948,0.0006549120116831695,0.0007112814612500822
GNOT,5.9,0.0007694621983868593,0.0006386501406932644,0.0007040561695400619
GNOT,6.0,0.0007731392906415515,0.0006339284842625158,0.0007035338874520336
GNOT,6.1000000000000005,0.0007779031585378868,0.0006318589950271196,0.0007048810767825032
GNOT,6.2,0.0007777824731015032,0.0006240218171631918,0.0007009021451323475
GNOT,6.300000000000001,0.0007736700235085483,0.0006150119834020932,0.0006943410034553207
GNOT,6.4,0.0007682676782669917,0.0006061626144894588,0.0006872151463782252
GNOT,6.5,0.0007639453686828604,0.000597850335912717,0.0006808978522977887
GNOT,6.6000000000000005,0.0007561102958382551,0.0005940779388223974,0.0006750941173303262
GNOT,6.7,0.0007473853601567977,0.0005965965798107815,0.0006719909699837896
GNOT,6.800000000000001,0.0007342583407817954,0.0006042857691811878,0.0006692720549814916
GNOT,6.9,0.0007237430914182018,0.0006165554881797607,0.0006701492897989812
GNOT,7.0,0.0007261552839617221,0.0006256503365076486,0.0006759028102346854
GNOT,7.1000000000000005,0.0007344013909553316,0.0006277698341520657,0.0006810856125536986
GNOT,7.2,0.000738671793778175,0.0006215659946795753,0.0006801188942288751
GNOT,7.300000000000001,0.000737400732715019,0.000612000165018736,0.0006747004488668776
GNOT,7.4,0.0007369910808233694,0.000610312665471474,0.0006736518731474217
GNOT,7.5,0.0007304246804476945,0.0006110711003617838,0.0006707478904047392
GNOT,7.6000000000000005,0.0007309141603611139,0.0006147990464967221,0.000672856603428918
GNOT,7.7,0.0007406924940619273,0.0006255032964832751,0.0006830978952726012
GNOT,7.800000000000001,0.0007538870359527976,0.0006409427312514633,0.0006974148836021304
GNOT,7.9,0.0007619498938000545,0.0006475855372856581,0.0007047677155428563
GNOT,8.0,0.0007592198586745156,0.000653221591049251,0.0007062207248618833
GNOT,8.1,0.0007538338072659531,0.0006699465653485914,0.0007118901863072723
GNOT,8.200000000000001,0.0007517713294892225,0.0006866482173985277,0.0007192097734438751
GNOT,8.3,0.0007512360835194782,0.0006944828258238557,0.0007228594546716669
GNOT,8.4,0.0007558670858165543,0.0007015130457179325,0.0007286900657672434
GNOT,8.5,0.0007615088572853526,0.0007104636688429177,0.0007359862630641351
GNOT,8.6,0.0007673499258861547,0.0007209310929347893,0.000744140509410472
GNOT,8.700000000000001,0.0007671834828324453,0.0007349384074674797,0.0007510609451499624
GNOT,8.8,0.0007649637467421465,0.0007545078505401927,0.0007597357986411696
GNOT,8.9,0.0007660389881413728,0.0007803094292654582,0.0007731742087034155
GNOT,9.0,0.0007595257975500011,0.0008037859395620475,0.0007816558685560243
GNOT,9.1,0.000753109920507095,0.0008198899539456421,0.0007864999372263685
GNOT,9.200000000000001,0.0007554620213950087,0.0008329620538218312,0.0007942120376084199
GNOT,9.3,0.0007626797200034976,0.0008479630842373417,0.0008053214021204197
GNOT,9.4,0.0007692465005085898,0.0008442413073716055,0.0008067439039400976
GNOT,9.5,0.0007763992725414663,0.0008373815518477476,0.000806890412194607
GNOT,9.600000000000001,0.0007893235824282583,0.0008331565109751764,0.0008112400467017173
GNOT,9.700000000000001,0.0008055166755392249,0.000825326678755056,0.0008154216771471404
GNOT,9.8,0.0008228958227253667,0.0008159073722629745,0.0008194015974941707
GNOT,9.9,0.0008399792933879097,0.0008061543324562537,0.0008230668129220818
GNOT,10.0,0.0008525962136633047,0.0008028173731834237,0.0008277067934233642
GNOT,10.100000000000001,0.000857764227259475,0.0008038229581182039,0.0008307935926888394
GNOT,10.200000000000001,0.0008659900766152245,0.0008001151360554232,0.0008330526063353239
GNOT,10.3,0.0008666273799806419,0.0007999676976248037,0.0008332975388027228
GNOT,10.4,0.0008659584018391767,0.0008016337978993199,0.0008337960998692483
GNOT,10.5,0.0008610970086039476,0.0008041668468558513,0.0008326319277298995
GNOT,10.600000000000001,0.0008630116205039634,0.0008039016723541612,0.0008334566464290623
GNOT,10.700000000000001,0.0008620037019234567,0.0007876116568108404,0.0008248076793671486
GNOT,10.8,0.0008662318772719071,0.0007653452681060854,0.0008157885726889963
GNOT,10.9,0.0008686663757102863,0.0007480992224005226,0.0008083827990554044
GNOT,11.0,0.0008701983398116279,0.0007331365072898806,0.0008016674235507542
GNOT,11.100000000000001,0.0008746563900857667,0.0007221541527864367,0.0007984052714361018
GNOT,11.200000000000001,0.0008762549768234571,0.0007162697990579977,0.0007962623879407273
GNOT,11.3,0.0008765901651806706,0.0007087255778773153,0.000792657871528993
GNOT,11.4,0.0008758434517061631,0.0007025673369263909,0.000789205394316277
GNOT,11.5,0.0008799315002283645,0.0007010574220879903,0.0007904944611581774
GNOT,11.600000000000001,0.0008840456414343318,0.0006911742295507142,0.000787609935492523
GNOT,11.700000000000001,0.0008789174646412992,0.0006950637378923911,0.0007869906012668451
GNOT,11.8,0.0008710041927911016,0.0006959286442758672,0.0007834664185334844
GNOT,11.9,0.0008618167954933493,0.0007024392042676322,0.0007821279998804908
GNOT,12.0,0.0008482654651742156,0.0007137677058368818,0.0007810165855055487
GNOT,12.100000000000001,0.0008302073646556623,0.0007183840681561456,0.0007742957164059039
GNOT,12.200000000000001,0.0008117427002209866,0.0007365403590555453,0.000774141529638266
GNOT,12.3,0.0008011333870980594,0.000765388293589973,0.0007832608403440162
GNOT,12.4,0.0007876329675501129,0.0007911156526618236,0.0007893743101059683
GNOT,12.5,0.0007775842725894354,0.0008070090504337089,0.0007922966615115721
GNOT,12.600000000000001,0.0007765349834003684,0.0008253710690418263,0.0008009530262210973
GNOT,12.700000000000001,0.0007786936779669401,0.0008274501973920089,0.0008030719376794745
GNOT,12.8,0.000775184315326031,0.0008230409336846573,0.0007991126245053442
GNOT,12.9,0.0007677772717435824,0.0008153062650207814,0.0007915417683821819
GNOT,13.0,0.0007631760578394244,0.0007997194330371442,0.0007814477454382842
GNOT,13.100000000000001,0.0007610740156319927,0.0007907661800554989,0.0007759200978437457
GNOT,13.200000000000001,0.0007688932708589892,0.0007829272092558286,0.0007759102400574089
GNOT,13.3,0.0007745809007997331,0.0007762672522615482,0.0007754240765306406
GNOT,13.4,0.0007726264214405999,0.0007753342897520831,0.0007739803555963415
GNOT,13.5,0.0007823377258853398,0.0007679926799926569,0.0007751652029389984
GNOT,13.600000000000001,0.0007960386977733104,0.0007611527729318943,0.0007785957353526024
GNOT,13.700000000000001,0.0008096061478960841,0.0007565295874606203,0.0007830678676783523
GNOT,13.8,0.0008251137882608837,0.0007606097679239644,0.000792861778092424
GNOT,13.9,0.000843963443192541,0.0007625251746845378,0.0008032443089385394
GNOT,14.0,0.000857092240773118,0.0007658811745203787,0.0008114867076467483
GNOT,14.100000000000001,0.0008643751920188604,0.0007747884446445096,0.000819581818331685
GNOT,14.200000000000001,0.0008636223094181667,0.0007887903680552968,0.0008262063387367317
GNOT,14.3,0.0008524659561608624,0.0008035083036036111,0.0008279871298822368
GNOT,14.4,0.0008371148921006388,0.0008167604032954154,0.0008269376476980272
GNOT,14.5,0.0008338361842014233,0.0008277659378436258,0.0008308010610225246
GNOT,14.600000000000001,0.0008383315341933524,0.0008335793680657467,0.0008359554511295495
GNOT,14.700000000000001,0.0008502683122113739,0.0008304994112728034,0.0008403838617420886
GNOT,14.8,0.0008751132169279967,0.0008335508047567264,0.0008543320108423615
GNOT,14.9,0.0008940867426615901,0.0008394191643939131,0.0008667529535277516
GNOT,15.0,0.0009077916246946563,0.000855143974190602,0.0008814677994426292
GNOT,15.100000000000001,0.0009236610878842686,0.0008690935246576845,0.0008963773062709765
GNOT,15.200000000000001,0.0009309674592064595,0.0008873992574002278,0.0009091833583033436
GNOT,15.3,0.0009305244048487206,0.0009007239777882653,0.0009156241913184929
GNOT,15.4,0.0009297310512846839,0.000909065954753323,0.0009193985030190035
GNOT,15.5,0.0009332916039949807,0.0009116473935836784,0.0009224694987893295
GNOT,15.600000000000001,0.0009369908694749818,0.0009141854176895835,0.0009255881435822826
GNOT,15.700000000000001,0.0009400922598458143,0.0009194558155964558,0.000929774037721135
GNOT,15.8,0.0009391472020421484,0.000930279698975077,0.0009347134505086127
GNOT,15.9,0.0009330119422273879,0.0009228161503449334,0.0009279140462861606
GNOT,16.0,0.0009282737954843683,0.0009084328562393973,0.0009183533258618828
GNOT,16.1,0.0009253267798344429,0.0008974101522095304,0.0009113684660219867
GNOT,16.2,0.0009290206878335349,0.000886112189626144,0.0009075664387298394
GNOT,16.3,0.0009378024008268935,0.0008758569560874865,0.00090682967845719
GNOT,16.400000000000002,0.0009459864958320639,0.0008697150362350658,0.0009078507660335649
GNOT,16.5,0.0009544645507316891,0.0008649698599657013,0.0009097172053486953
GNOT,16.6,0.000955012024777777,0.0008587811662173511,0.000906896595497564
GNOT,16.7,0.0009571688413700477,0.000853057575265292,0.0009051132083176699
GNOT,16.8,0.0009539534687229496,0.0008467697705262247,0.0009003616196245871
GNOT,16.900000000000002,0.0009530122407344895,0.0008281380415631322,0.0008905751411488109
GNOT,17.0,0.0009530925927937622,0.0008301221801359719,0.000891607386464867
GNOT,17.1,0.0009534676043638585,0.0008343412833957801,0.0008939044438798192
GNOT,17.2,0.0009534016782670317,0.0008282969595119302,0.000890849318889481
GNOT,17.3,0.0009516020475721142,0.0008221591855046304,0.0008868806165383723
GNOT,17.400000000000002,0.0009469036204284501,0.0008374840556769382,0.0008921938380526942
GNOT,17.5,0.0009508816223762663,0.0008384845840352437,0.000894683103205755
GNOT,17.6,0.0009541518126773016,0.0008341950047059209,0.0008941734086916112
GNOT,17.7,0.0009522360492982055,0.0008379718211426693,0.0008951039352204374
GNOT,17.8,0.0009471878442593821,0.0008426449618160365,0.0008949164030377093
GNOT,17.900000000000002,0.0009441393966730236,0.0008438873842465611,0.0008940133904597924
GNOT,18.0,0.0009422077389190514,0.000841896967012643,0.0008920523529658473
GNOT,18.1,0.0009469199175191669,0.0008425929635443229,0.0008947564405317449
GNOT,18.2,0.0009587234579900664,0.0008480278910095829,0.0009033756744998246
GNOT,18.3,0.0009730616720536433,0.0008521154686504245,0.0009125885703520339
GNOT,18.400000000000002,0.0009824410432417551,0.0008512771765964422,0.0009168591099190987
GNOT,18.5,0.00099230530118862,0.0008478833047392738,0.0009200943029639469
GNOT,18.6,0.0009978450169642976,0.0008485978646729865,0.0009232214408186421
GNOT,18.7,0.0010106249170114907,0.0008402898916517296,0.0009254574043316102
GNOT,18.8,0.0010314756876570433,0.0008313216262722243,0.0009313986569646338
GNOT,18.900000000000002,0.0010459125118410105,0.0008302604603638701,0.0009380864861024403
GNOT,19.0,0.0010567992414309293,0.0008314997214013085,0.0009441494814161188
GNOT,19.1,0.001065241627188448,0.0008265249054992506,0.0009458832663438493
GNOT,19.200000000000003,0.0010678599519968754,0.0008335549120401335,0.0009507074320185045
GNOT,19.3,0.0010610698924055457,0.0008330995083140352,0.0009470847003597905
GNOT,19.400000000000002,0.0010629899853518087,0.0008424406360758601,0.0009527153107138345
GNOT,19.5,0.001066711036077331,0.0008619862096237269,0.0009643486228505289
GNOT,19.6,0.0010661650693390495,0.0008770530969363907,0.00097160908313772
GNOT,19.700000000000003,0.0010440640107413541,0.0008842336278190485,0.0009641488192802014
GNOT,19.8,0.0010293622778869244,0.0008881204386601221,0.0009587413582735232
GNOT,19.900000000000002,0.0010139296411202966,0.0008912003822928012,0.000952565011706549
GNOT,20.0,0.00101194911394853,0.0008934908291693607,0.0009527199715589454
GNOT,20.1,0.001015673394088847,0.0009099990248490064,0.0009628362094689267
GNOT,20.200000000000003,0.0010156377654030224,0.0009249271979579989,0.0009702824816805106
GNOT,20.3,0.0009936688044369704,0.00092970492785316,0.0009616868661450652
GNOT,20.400000000000002,0.0009702390397181797,0.0009329249405906822,0.000951581990154431
GNOT,20.5,0.0009615985470581992,0.0009355815084541038,0.0009485900277561516
GNOT,20.6,0.0009681145166589442,0.0009464568003303661,0.0009572856584946552
GNOT,20.700000000000003,0.0009703557969283292,0.0009571589827410066,0.0009637573898346679
GNOT,20.8,0.0009738507812669941,0.0009614257944609135,0.0009676382878639539
GNOT,20.900000000000002,0.0009827535809144407,0.0009661837422705159,0.0009744686615924783
GNOT,21.0,0.0009990653147311879,0.0009768028124997443,0.000987934063615466
GNOT,21.1,0.001017872895606139,0.0009740693790318361,0.0009959711373189876
GNOT,21.200000000000003,0.0010286476009010034,0.0009705704589656426,0.000999609029933323
GNOT,21.3,0.0010446770031194764,0.0009748739720675701,0.0010097754875935234
GNOT,21.400000000000002,0.001056746313663869,0.00097522000844562,0.0010159831610547444
GNOT,21.5,0.0010652717984387906,0.0010016519955858504,0.0010334618970123206
GNOT,21.6,0.0010700000427466777,0.001008870487170621,0.0010394352649586492
GNOT,21.700000000000003,0.0010694709763345793,0.0010063787513056382,0.0010379248638201087
GNOT,21.8,0.0010681235274121225,0.0010150900037894136,0.0010416067656007682
GNOT,21.900000000000002,0.0010633227168468419,0.001033879152675648,0.001048600934761245
GNOT,22.0,0.0010580188639107994,0.0010354554009684579,0.0010467371324396285
GNOT,22.1,0.0010525589561656543,0.0010243121692375702,0.0010384355627016122
GNOT,22.200000000000003,0.0010526492314890054,0.0010044545489135135,0.0010285518902012594
GNOT,22.3,0.0010561948450003515,0.0009924431150281035,0.0010243189800142275
GNOT,22.400000000000002,0.001063702444443269,0.000971040556952478,0.0010173715006978736
GNOT,22.5,0.001068554653253696,0.0009667891763576447,0.0010176719148056704
GNOT,22.6,0.0010676340037176686,0.0009946533813564595,0.0010311436925370641
GNOT,22.700000000000003,0.0010677340212923356,0.0009739159953471254,0.0010208250083197305
GNOT,22.8,0.0010625200470684617,0.0009575743419563997,0.0010100471945124307
GNOT,22.900000000000002,0.0010575709360715196,0.0009686722422986956,0.0010131215891851077
GNOT,23.0,0.0010619197687469961,0.0009860039703941904,0.0010239618695705934
GNOT,23.1,0.0010603000483799356,0.00098102787734375,0.0010206639628618428
GNOT,23.200000000000003,0.0010540734554784336,0.000959415186630798,0.0010067443210546158
GNOT,23.3,0.0010475349341040547,0.000937742804828925,0.0009926388694664898
GNOT,23.400000000000002,0.0010440016307184945,0.0009264508378567473,0.0009852262342876208
GNOT,23.5,0.0010351247948885954,0.0009261579846758386,0.000980641389782217
GNOT,23.6,0.001030927893347702,0.0009322851885198071,0.0009816065409337547
GNOT,23.700000000000003,0.0010309581241914625,0.0009426082915674286,0.0009867832078794456
GNOT,23.8,0.0010261059950188976,0.0009750018879541211,0.0010005539414865094
GNOT,23.900000000000002,0.0010194181803028517,0.001014965202044783,0.0010171916911738174
GNOT,24.0,0.001015901396350612,0.001016905758531781,0.0010164035774411966
GNOT,24.1,0.0010218830726876856,0.0010058248962941086,0.0010138539844908971
GNOT,24.200000000000003,0.001024558415474103,0.0010029555457136759,0.0010137569805938895
GNOT,24.3,0.001027395268731129,0.0009962685421514522,0.0010118319054412907
GNOT,24.400000000000002,0.0010270035746093174,0.000980850283423279,0.0010039269290162982
GNOT,24.5,0.0010161330190107255,0.0009659720648859023,0.000991052541948314
GNOT,24.6,0.0010029107422189192,0.0009624541496409334,0.0009826824459299264
GNOT,24.700000000000003,0.0009940170246884538,0.0009620159480718146,0.0009780164863801343
GNOT,24.8,0.0009854956392361832,0.000958131488661981,0.0009718135639490821
GNOT,24.900000000000002,0.0009788110216856442,0.0009599191669010006,0.0009693650942933223
GNOT,25.0,0.0009688113759775894,0.0009678664280017025,0.000968338901989646
GNOT,25.1,0.0009706138501614755,0.0009911766680130293,0.0009808952590872524
GNOT,25.200000000000003,0.0009826481078285833,0.0009912415866681445,0.000986944847248364
GNOT,25.3,0.0009966672169243805,0.0009669456823195074,0.0009818064496219438
GNOT,25.400000000000002,0.0010033381010408553,0.0009541165810170866,0.0009787273410289709
GNOT,25.5,0.001009819670800911,0.0009520766988975293,0.0009809481848492203
GNOT,25.6,0.0010091237548227792,0.0009414731005175707,0.000975298427670175
GNOT,25.700000000000003,0.0009956972388440737,0.000931105679426773,0.0009634014591354233
GNOT,25.8,0.000983588407791468,0.0009285953628338762,0.0009560918853126721
GNOT,25.900000000000002,0.0009804463855315102,0.0009318650741683524,0.0009561557298499313
GNOT,26.0,0.0009817452941824419,0.000944960006688769,0.0009633526504356054
GNOT,26.1,0.0009942633331728296,0.0009568370358692567,0.0009755501845210431
GNOT,26.200000000000003,0.0010139655576499266,0.0009726612031511335,0.00099331338040053
GNOT,26.3,0.0010378830146744282,0.0009913699376288701,0.0010146264761516492
GNOT,26.400000000000002,0.0010574700030611668,0.0010003464015323842,0.0010289082022967755
GNOT,26.5,0.0010774831423456534,0.0010107359761066116,0.0010441095592261325
GNOT,26.6,0.0010900190276759716,0.0010263779874200086,0.00105819850754799
GNOT,26.700000000000003,0.0010885938146087334,0.0010294377572617167,0.001059015785935225
GNOT,26.8,0.0010804202022014126,0.0010265449152302578,0.0010534825587158352
GNOT,26.900000000000002,0.0010718601302148686,0.0010330782392063884,0.0010524691847106286
GNOT,27.0,0.0010654888775834745,0.0010408070972806902,0.0010531479874320822
GNOT,27.1,0.0010611059252438513,0.0010494422462812283,0.0010552740857625398
GNOT,27.200000000000003,0.0010628452874307812,0.0010561078588040185,0.0010594765731173998
GNOT,27.3,0.001063839841222102,0.0010639829575823743,0.0010639113994022381
GNOT,27.400000000000002,0.0010613287159044007,0.0010616799301349591,0.00106150432301968
GNOT,27.5,0.001059615302337036,0.001059746990018357,0.0010596811461776965
GNOT,27.6,0.0010643583217451514,0.0010594066167313346,0.001061882469238243
GNOT,27.700000000000003,0.001066092226585451,0.001054223494073286,0.0010601578603293684
GNOT,27.8,0.0010685782946258232,0.0010524510512335843,0.0010605146729297037
GNOT,27.900000000000002,0.0010660890396578457,0.0010438202516158852,0.0010549546456368655
GNOT,28.0,0.0010626608422777924,0.0010410383214867174,0.001051849581882255
GNOT,28.1,0.001057394724823305,0.0010445157045791962,0.0010509552147012506
GNOT,28.200000000000003,0.00105486305549918,0.0010396096103989275,0.0010472363329490537
GNOT,28.3,0.0010461842734937803,0.0010300373070671104,0.0010381107902804453
GNOT,28.400000000000002,0.0010421316059952414,0.0010146792647993366,0.001028405435397289
GNOT,28.5,0.0010459396629957458,0.0010004018748874294,0.0010231707689415876
GNOT,28.6,0.0010537009497603713,0.0009934882290085708,0.001023594589384471
GNOT,28.700000000000003,0.0010613311737611023,0.0009849904994741134,0.0010231608366176078
GNOT,28.8,0.0010700159110650005,0.0009780079975234258,0.0010240119542942131
GNOT,28.900000000000002,0.0010755359338974475,0.0009664955368926398,0.0010210157353950436
GNOT,29.0,0.001076948840989117,0.0009499911504749104,0.0010134699957320137
GNOT,29.1,0.0010705470030823983,0.0009461534786151549,0.0010083502408487766
GNOT,29.200000000000003,0.0010621145189681326,0.0009487332348671967,0.0010054238769176646
GNOT,29.3,0.00105863024538648,0.0009512597906403148,0.0010049450180133973
GNOT,29.400000000000002,0.0010577846248308982,0.0009515339107802224,0.0010046592678055603
GNOT,29.5,0.0010500127953390885,0.0009457382875884413,0.000997875541463765
GNOT,29.6,0.0010424193831074632,0.0009455319196461883,0.0009939756513768258
GNOT,29.700000000000003,0.0010367738665944134,0.00094462564918905,0.0009906997578917316
GNOT,29.8,0.0010312715991430185,0.0009399499129269705,0.0009856107560349944
GNOT,29.900000000000002,0.0010240689342865326,0.0009419341746696207,0.0009830015544780766
GNOT,30.0,0.0010228097277935472,0.0009473092488149967,0.000985059488304272
GNOT,30.1,0.0010227611041216697,0.0009448859376321046,0.0009838235208768872
GNOT,30.200000000000003,0.0010216222778933574,0.0009356280016208262,0.0009786251397570919
GNOT,30.3,0.001016552669477184,0.0009279593430450662,0.0009722560062611251
GNOT,30.400000000000002,0.0010199456000674673,0.000918160606316575,0.0009690531031920211
GNOT,30.5,0.0010225767686501033,0.0009162388115583518,0.0009694077901042275
GNOT,30.6,0.0010225716501092695,0.0009214877528263788,0.0009720297014678242
GNOT,30.700000000000003,0.0010223638504206786,0.0009253320152774019,0.0009738479328490403
GNOT,30.8,0.0010321324937863918,0.000925946535216238,0.000979039514501315
GNOT,30.900000000000002,0.0010422177366969172,0.000931959191145891,0.000987088463921404
GNOT,31.0,0.0010420849965318694,0.0009467340531707024,0.0009944095248512858
GNOT,31.1,0.0010377176055100337,0.0009602709732337766,0.0009989942893719051
GNOT,31.200000000000003,0.0010319172954818229,0.0009644745860806177,0.0009981959407812202
GNOT,31.3,0.0010226490115761966,0.0009661310642705722,0.0009943900379233844
GNOT,31.400000000000002,0.0010120112218427303,0.0009632393816138591,0.0009876253017282947
GNOT,31.5,0.0009967243136268654,0.0009564598511013453,0.0009765920823641054
GNOT,31.6,0.0009872746945041235,0.0009537988477850553,0.0009705367711445894
GNOT,31.700000000000003,0.0009824819592872376,0.0009555024789081495,0.0009689922190976936
GNOT,31.8,0.0009741508125240346,0.0009557241206626287,0.0009649374665933316
GNOT,31.900000000000002,0.0009572235477388983,0.0009572797527636264,0.0009572516502512623
GNOT,32.0,0.0009440498908365427,0.0009525722831636089,0.0009483110870000758
GNOT,32.1,0.0009346836368318413,0.000944979378749932,0.0009398315077908867
GNOT,32.2,0.0009266810761415333,0.0009395358363524874,0.0009331084562470104
GNOT,32.300000000000004,0.0009260583916527188,0.0009366187891817637,0.0009313385904172412
GNOT,32.4,0.0009288967294124814,0.0009377899858792257,0.0009333433576458536
GNOT,32.5,0.0009341705493805866,0.0009419102513204068,0.0009380404003504967
GNOT,32.6,0.0009496680233715341,0.0009443008177688814,0.0009469844205702077
GNOT,32.7,0.0009627896522924442,0.0009511532029752456,0.0009569714276338448
GNOT,32.800000000000004,0.0009765944428308216,0.0009568306701859038,0.0009667125565083627
GNOT,32.9,0.000982827703482119,0.0009577665846954183,0.0009702971440887687
GNOT,33.0,0.0009843608228261311,0.0009567242179081961,0.0009705425203671637
GNOT,33.1,0.0009934488143823327,0.0009479122231516325,0.0009706805187669825
GNOT,33.2,0.0010021705749468717,0.0009425174360253155,0.0009723440054860936
GNOT,33.300000000000004,0.0010058341649557307,0.0009401810158457532,0.0009730075904007419
GNOT,33.4,0.0010098618271946773,0.0009442369621266148,0.000977049394660646
GNOT,33.5,0.0010118889779853197,0.0009532392368493479,0.0009825641074173337
GNOT,33.6,0.0010169464716809433,0.0009532262638907905,0.000985086367785867
GNOT,33.7,0.001022442453574146,0.0009470272288466192,0.0009847348412103827
GNOT,33.800000000000004,0.0010255019387580583,0.0009359261230450436,0.000980714030901551
GNOT,33.9,0.001028736016178652,0.0009312618240932412,0.0009799989201359468
GNOT,34.0,0.001037071098913081,0.0009322542125212016,0.0009846626557171413
GNOT,34.1,0.0010405692728726814,0.0009324517622798385,0.00098651051757626
GNOT,34.2,0.0010393303466967201,0.0009311712120870044,0.0009852507793918623
GNOT,34.300000000000004,0.0010362956735427736,0.0009181663366336687,0.0009772310050882211
GNOT,34.4,0.001030849935429406,0.0009086805021885247,0.0009697652188089653
GNOT,34.5,0.0010208654999599082,0.0008991172218872879,0.0009599913609235981
GNOT,34.6,0.001010626081648153,0.0008907924338560963,0.0009507092577521247
GNOT,34.7,0.0009991108782696685,0.0008904744051917652,0.0009447926417307168
GNOT,34.800000000000004,0.000993928204125836,0.0008954093790945553,0.0009446687916101956
GNOT,34.9,0.0009915550066099048,0.0008864121772442568,0.0009389835919270807
GNOT,35.0,0.0009917242856608006,0.0008821748924894516,0.0009369495890751261
GNOT,35.1,0.0009875488899243568,0.0008793451115343251,0.000933447000729341
GNOT,35.2,0.0009832521476198007,0.0008807274622018605,0.0009319898049108306
GNOT,35.300000000000004,0.0009809121336947747,0.0008895034950695722,0.0009352078143821734
GNOT,35.4,0.0009810402415802015,0.000903572351117253,0.0009423062963487272
GNOT,35.5,0.0009817248417528187,0.0009091967853236371,0.0009454608135382279
GNOT,35.6,0.0009845678681226625,0.0009164374662040442,0.0009505026671633534
GNOT,35.7,0.0009825449918609709,0.0009227867344218237,0.0009526658631413972
GNOT,35.800000000000004,0.0009786410197316967,0.0009325143761386198,0.0009555776979351582
GNOT,35.9,0.000978379168934984,0.0009442642468459205,0.0009613217078904522
GNOT,36.0,0.000981634045469729,0.0009455921535619453,0.0009636130995158371
GNOT,36.1,0.0009800108947355867,0.0009452237687125726,0.0009626173317240797
GNOT,36.2,0.0009744627058611726,0.0009399930879750256,0.0009572278969180991
GNOT,36.300000000000004,0.0009700151779658679,0.0009338586190850927,0.0009519368985254804
GNOT,36.4,0.0009660474141186922,0.0009262327742593872,0.0009461400941890396
GNOT,36.5,0.0009638028339643387,0.0009150252752648922,0.0009394140546146155
GNOT,36.6,0.0009669156870385851,0.0009050821980814476,0.0009359989425600163
GNOT,36.7,0.0009674606100974901,0.0009071763783860627,0.0009373184942417763
GNOT,36.800000000000004,0.0009731566912027233,0.0009072647761538095,0.0009402107336782664
GNOT,36.9,0.0009780063999917832,0.0009103138873673086,0.0009441601436795459
GNOT,37.0,0.0009788759071404827,0.0009133103760320975,0.0009460931415862901
GNOT,37.1,0.0009823833426390312,0.0009166332821757475,0.0009495083124073894
GNOT,37.2,0.000982829656077731,0.0009178815627324965,0.0009503556094051138
GNOT,37.300000000000004,0.0009806664217472641,0.0009175844499798679,0.000949125435863566
GNOT,37.4,0.00097436563574174,0.0009131653164844473,0.0009437654761130937
GNOT,37.5,0.0009683994826031974,0.0009026155925421176,0.0009355075375726575
GNOT,37.6,0.0009679817061248881,0.0008942482781816905,0.0009311149921532892
GNOT,37.7,0.0009700013804791724,0.0008909803127696516,0.000930490846624412
GNOT,37.800000000000004,0.0009730939609933141,0.0008932160299188913,0.0009331549954561027
GNOT,37.9,0.0009789525653199616,0.0009008558196559987,0.0009399041924879801
GNOT,38.0,0.0009851326826798845,0.0009063191604220057,0.000945725921550945
GNOT,38.1,0.0009904471731669784,0.0009112525238277357,0.000950849848497357
GNOT,38.2,0.0009934391448283113,0.0009131514934061519,0.0009532953191172316
GNOT,38.300000000000004,0.0009922348769273893,0.0009123060030362003,0.0009522704399817948
GNOT,38.400000000000006,0.00098900151643715,0.0009120190273038675,0.0009505102718705087
GNOT,38.5,0.0009925458386651443,0.0009132436721342652,0.0009528947553997047
GNOT,38.6,0.0010016108721895133,0.0009189479822760397,0.0009602794272327766
GNOT,38.7,0.0010101329368645679,0.0009261043815375921,0.00096811865920108
GNOT,38.800000000000004,0.0010184973753627929,0.0009379798695007015,0.0009782386224317472
GNOT,38.900000000000006,0.001022499391263591,0.0009466582036466698,0.0009845787974551304
GNOT,39.0,0.0010209499928652051,0.0009552916736923313,0.0009881208332787684
GNOT,39.1,0.0010186436224108874,0.0009633101956738338,0.0009909769090423607
GNOT,39.2,0.0010139902769930606,0.0009655220738481859,0.0009897561754206234
GNOT,39.300000000000004,0.0010119072761184573,0.0009609692776913008,0.000986438276904879
GNOT,39.400000000000006,0.0010082918432254182,0.0009571003893719554,0.0009826961162986867
GNOT,39.5,0.0010065364407772024,0.0009582061564718619,0.0009823712986245321
GNOT,39.6,0.001002903662852881,0.0009629457905401556,0.0009829247266965183
GNOT,39.7,0.0010007143204308778,0.0009632007649222261,0.000981957542676552
GNOT,39.800000000000004,0.0009940645608232873,0.0009561145874619402,0.0009750895741426138
GNOT,39.900000000000006,0.0009822566415191715,0.0009507436315983649,0.0009665001365587681
GNOT,40.0,0.0009744411987398538,0.0009375833210778208,0.0009560122599088373
