nu,Method,L1_mean,L1_std,L1_min,L1_max,L1_median,Linf_mean,Linf_std,Linf_min,Linf_max,Linf_median,E_SG_T4_mean,E_SG_T4_std,E_SG_T4_min,E_SG_T4_max,E_SG_T4_median,E_mean_max_0_4_mean,E_mean_max_0_4_std,E_mean_max_0_4_min,E_mean_max_0_4_max,E_mean_max_0_4_median,E_mean_final_T4_mean,E_mean_final_T4_std,E_mean_final_T4_min,E_mean_final_T4_max,E_mean_final_T4_median,E_mean_argmax_time_mean,E_mean_argmax_time_std,E_mean_argmax_time_min,E_mean_argmax_time_max,E_mean_argmax_time_median,SG_points_mean,SG_points_std,SG_points_min,SG_points_max,SG_points_median,SG_fraction_mean,SG_fraction_std,SG_fraction_min,SG_fraction_max,SG_fraction_median,SG_threshold_mean,SG_threshold_std,SG_threshold_min,SG_threshold_max,SG_threshold_median,final_abs_error_p95_mean,final_abs_error_p95_std,final_abs_error_p95_min,final_abs_error_p95_max,final_abs_error_p95_median,final_abs_error_p99_mean,final_abs_error_p99_std,final_abs_error_p99_min,final_abs_error_p99_max,final_abs_error_p99_median,Time_mean,Time_std,Time_min,Time_max,Time_median,N_native_mean,N_native_std,N_native_min,N_native_max,N_native_median,N_eval_mean,N_eval_std,N_eval_min,N_eval_max,N_eval_median,native_substeps_mean,native_substeps_std,native_substeps_min,native_substeps_max,native_substeps_median,traditional_substeps_mean,traditional_substeps_std,traditional_substeps_min,traditional_substeps_max,traditional_substeps_median,nn_substeps_mean,nn_substeps_std,nn_substeps_min,nn_substeps_max,nn_substeps_median,RefTime_mean,RefTime_std,RefTime_min,RefTime_max,RefTime_median
0.0,FVM (1000),0.004333608276210725,0.0010197134737971027,0.0019044976215809584,0.006160761695355177,0.0043085801880806684,0.13491838067770004,0.05134513545471646,0.039396703243255615,0.2258373498916626,0.1288331300020218,0.07378253221511841,0.03735595772761784,0.014766305685043335,0.16262167692184448,0.07184680923819542,2.5564908912656394e-06,1.650022648753839e-06,4.673004241340095e-07,7.743835340079386e-06,2.1457672119140625e-06,2.464830863999623e-06,1.7217786619303689e-06,1.0490418134168067e-07,7.734298378636595e-06,2.069473225674301e-06,3.78144,0.4249168062631766,2.416,4.0,3.984,3.1,1.0926470386270253,1,6,3.0,0.0155,0.005463235193135126,0.005,0.03,0.015,10.11941568851471,2.6920929670268494,2.130117654800415,17.577823638916016,10.043091297149658,0.006732280813157559,0.002713260083964353,0.003288370557129383,0.020308373495936394,0.006139926612377167,0.057600134331732986,0.0379555530638568,0.0036094943061470985,0.1626337319612503,0.05002405121922493,0.0433250093460083,0.008888979060550518,0.030301570892333984,0.05673360824584961,0.03912079334259033,1000.0,0.0,1000,1000,1000.0,200.0,0.0,200,200,200.0,10.0,0.0,10,10,10.0,10.0,0.0,10,10,10.0,0.0,0.0,0,0,0.0,0.21775835990905762,0.031081809591215818,0.18639159202575684,0.2615673542022705,0.20329928398132324
0.0,FVM (200),0.026227812562137843,0.005422648536133233,0.01310693472623825,0.03603136166930199,0.02704182919114828,0.7266003090143204,0.2764607704681835,0.2546859681606293,1.8150831460952759,0.7074716687202454,0.4862180307507515,0.20443561298109086,0.009851157665252686,1.0799477100372314,0.4745292514562607,2.454173554724548e-06,1.4855797762549848e-06,5.340576194612368e-07,6.482601293100743e-06,2.1982192492941977e-06,2.3703932492935564e-06,1.5557884065477051e-06,3.814696469817136e-08,6.482601293100743e-06,2.188682515225082e-06,3.83168,0.38394884012943004,2.2880000000000003,4.0,3.984,3.1,1.0926470386270253,1,6,3.0,0.0155,0.005463235193135126,0.005,0.03,0.015,10.11941568851471,2.6920929670268494,2.130117654800415,17.577823638916016,10.043091297149658,0.05878072254359722,0.039547246893176895,0.01672428846359253,0.200149267911911,0.04504345543682575,0.37643892630934717,0.13533462637047683,0.08734118193387985,0.6952499747276306,0.37123285233974457,0.015226759910583497,0.004875755978795247,0.009212732315063477,0.030567407608032227,0.01338648796081543,200.0,0.0,200,200,200.0,200.0,0.0,200,200,200.0,2.0,0.0,2,2,2.0,2.0,0.0,2,2,2.0,0.0,0.0,0,0,0.0,0.21775835990905762,0.031081809591215818,0.18639159202575684,0.2615673542022705,0.20329928398132324
0.0,FVM (2000),0.0020191548950970173,0.00046299877867108627,0.0009605400264263153,0.0030363304540514946,0.0020071815233677626,0.06212003171443939,0.027703988870999972,0.01599884033203125,0.11353325843811035,0.05951368808746338,0.030443856995552777,0.01750728712213635,0.003405265510082245,0.06758170574903488,0.027431249618530273,3.0081034049089795e-06,2.0178031591397385e-06,5.340576194612368e-07,9.078979019250255e-06,2.6321412178731407e-06,2.8730392551779007e-06,2.115670343382198e-06,2.646445977916301e-07,9.078979019250255e-06,2.6321412178731407e-06,3.8179199999999995,0.3735571884748365,2.2880000000000003,4.0,3.984,3.1,1.0926470386270253,1,6,3.0,0.0155,0.005463235193135126,0.005,0.03,0.015,10.11941568851471,2.6920929670268494,2.130117654800415,17.577823638916016,10.043091297149658,0.003234940725378692,0.0010651541446030936,0.0016721219290047884,0.007760489359498024,0.0030312829185277224,0.023645857381634414,0.01948755411620155,0.0018251261208206415,0.09424301236867905,0.01837953832000494,0.07776106834411621,0.015592542812834476,0.05685901641845703,0.11176323890686035,0.06655025482177734,2000.0,0.0,2000,2000,2000.0,200.0,0.0,200,200,200.0,20.0,0.0,20,20,20.0,20.0,0.0,20,20,20.0,0.0,0.0,0,0,0.0,0.21775835990905762,0.031081809591215818,0.18639159202575684,0.2615673542022705,0.20329928398132324
0.0,FVM (400),0.012081978702917695,0.002762173940846406,0.0054290201514959335,0.016848402097821236,0.01237886305898428,0.3810678383708,0.1478185859662329,0.12171578407287598,0.7931950092315674,0.36407676339149475,0.23563833862543107,0.10253712981100206,0.0454060435295105,0.45796483755111694,0.2347296103835106,2.476966365065891e-06,1.4784293642053611e-06,5.722046125811175e-07,6.4754485720186494e-06,2.19345088225964e-06,2.3894071458130385e-06,1.558232901243985e-06,6.675719532722724e-08,6.4754485720186494e-06,2.19106675558578e-06,3.8352,0.3701763506928081,2.448,4.0,3.984,3.1,1.0926470386270253,1,6,3.0,0.0155,0.005463235193135126,0.005,0.03,0.015,10.11941568851471,2.6920929670268494,2.130117654800415,17.577823638916016,10.043091297149658,0.019877151548862458,0.011164340883154973,0.008461491204798222,0.06451311707496643,0.016921755857765675,0.17324471522122623,0.0846644442264622,0.02303704060614109,0.34404006600379944,0.1662721037864685,0.02198148250579834,0.006290297152771371,0.013830900192260742,0.03284811973571777,0.019928932189941406,400.0,0.0,400,400,400.0,200.0,0.0,200,200,200.0,4.0,0.0,4,4,4.0,4.0,0.0,4,4,4.0,0.0,0.0,0,0,0.0,0.21775835990905762,0.031081809591215818,0.18639159202575684,0.2615673542022705,0.20329928398132324
0.0,FVM (800),0.005555888032540679,0.001317631598183833,0.0024071072693914175,0.007780109532177448,0.005613213172182441,0.17280383691191673,0.0657119996980984,0.05207425355911255,0.29398512840270996,0.15973618626594543,0.09804733406752347,0.048374357641375834,0.02024037577211857,0.21186429262161255,0.099738210439682,2.385640134434652e-06,1.4028951299403975e-06,4.1961669694501325e-07,6.511211267934414e-06,2.017021074607328e-06,2.295184115723714e-06,1.4758929936426435e-06,7.629394360719743e-08,6.511211267934414e-06,2.0122527075727703e-06,3.78688,0.42453338802857477,2.4,4.0,3.984,3.1,1.0926470386270253,1,6,3.0,0.0155,0.005463235193135126,0.005,0.03,0.015,10.11941568851471,2.6920929670268494,2.130117654800415,17.577823638916016,10.043091297149658,0.008587107053026557,0.0036809122310125252,0.004149625543504953,0.02818911336362362,0.008022163063287735,0.07523139742203057,0.0461219974889541,0.005468285176903009,0.1805618852376938,0.07102586328983307,0.03627824783325195,0.007329191597333574,0.02667546272277832,0.048674583435058594,0.037186264991760254,800.0,0.0,800,800,800.0,200.0,0.0,200,200,200.0,8.0,0.0,8,8,8.0,8.0,0.0,8,8,8.0,0.0,0.0,0,0,0.0,0.21775835990905762,0.031081809591215818,0.18639159202575684,0.2615673542022705,0.20329928398132324
0.0,Ours (200),0.0006874459231039509,0.0003238979744150258,0.00029199919663369656,0.0015939060831442475,0.0006390703201759607,0.03274980530142784,0.020164576672832658,0.0025838613510131836,0.10388493537902832,0.029610663652420044,0.012355964789167046,0.008866190913290146,0.0012309551239013672,0.037943582981824875,0.009335987269878387,2.470874782716237e-06,1.5168223776179558e-06,4.482269275740691e-07,6.513595508295111e-06,2.2220610844669864e-06,2.396488187059731e-06,1.573993953560398e-06,1.1444092251622351e-07,6.513595508295111e-06,2.212524350397871e-06,3.8,0.4594257284915592,2.208,4.0,3.992,3.1,1.0926470386270253,1,6,3.0,0.0155,0.005463235193135126,0.005,0.03,0.015,10.11941568851471,2.6920929670268494,2.130117654800415,17.577823638916016,10.043091297149658,0.0013956408336525783,0.0007481202293840631,0.0004027486138511449,0.003389200894162059,0.0012538870214484632,0.005803330736234784,0.004497613347331454,0.0005028217565268278,0.022209979593753815,0.004690197994932532,0.17141611099243165,0.04066407371631531,0.09590029716491699,0.2517244815826416,0.16434800624847412,200.0,0.0,200,200,200.0,200.0,0.0,200,200,200.0,2.0,0.0,2,2,2.0,0.0,0.0,0,0,0.0,2.0,0.0,2,2,2.0,0.21775835990905762,0.031081809591215818,0.18639159202575684,0.2615673542022705,0.20329928398132324
0.0,WENO-Z (1000),0.0004356714531968464,0.0003538447613794013,1.1276931218162645e-05,0.0013034966541454196,0.00036913416988682,0.034374666288495066,0.027257246684859862,0.000671088695526123,0.09072554111480713,0.02727043628692627,0.02040731197921559,0.023495871559101395,8.215010166168213e-05,0.09044128656387329,0.011332131922245026,2.4462223063892453e-06,1.5087433611262182e-06,4.95910626341356e-07,6.631612905039219e-06,2.098083541568485e-06,2.3590564723008357e-06,1.5868246051528056e-06,1.1444092251622351e-07,6.631612905039219e-06,2.069473225674301e-06,3.8016,0.44174052777343287,2.176,4.0,3.984,3.1,1.0926470386270253,1,6,3.0,0.0155,0.005463235193135126,0.005,0.03,0.015,10.11941568851471,2.6920929670268494,2.130117654800415,17.577823638916016,10.043091297149658,2.1148423684280715e-05,8.741421990841572e-06,7.38352855478297e-06,4.5663116907235235e-05,1.956522919499548e-05,0.007861610697000287,0.010834781561731115,4.401084879646078e-05,0.041272275149822235,0.0023304414935410023,0.059517803192138674,0.009241220731283365,0.04661846160888672,0.07238388061523438,0.05446743965148926,1000.0,0.0,1000,1000,1000.0,200.0,0.0,200,200,200.0,10.0,0.0,10,10,10.0,10.0,0.0,10,10,10.0,0.0,0.0,0,0,0.0,0.21775835990905762,0.031081809591215818,0.18639159202575684,0.2615673542022705,0.20329928398132324
0.0,WENO-Z (200),0.006404977415804751,0.0021804254647147933,0.0004441024793777615,0.009761050343513489,0.006497124442830682,0.3413735181093216,0.12066798785288001,0.0350184440612793,0.5634539127349854,0.33777180314064026,0.27538308724761007,0.132762739083374,0.02180004119873047,0.5619585514068604,0.2767733782529831,2.4564862155784796e-06,1.4762278594640088e-06,5.149841513230058e-07,6.544590178236831e-06,2.2172927174324286e-06,2.3676514473436328e-06,1.5536733790894161e-06,0.0,6.544590178236831e-06,2.205371856689453e-06,3.8300799999999997,0.37160807969951243,2.4,4.0,3.984,3.1,1.0926470386270253,1,6,3.0,0.0155,0.005463235193135126,0.005,0.03,0.015,10.11941568851471,2.6920929670268494,2.130117654800415,17.577823638916016,10.043091297149658,0.007984297752118437,0.007852771255259223,6.760359974578023e-05,0.027669860050082207,0.004427046747878194,0.18797393781132996,0.09202020302917861,0.004066870082169771,0.41150808334350586,0.17262830585241318,0.016364593505859375,0.004676772540529457,0.01072382926940918,0.029361248016357422,0.014806389808654785,200.0,0.0,200,200,200.0,200.0,0.0,200,200,200.0,2.0,0.0,2,2,2.0,2.0,0.0,2,2,2.0,0.0,0.0,0,0,0.0,0.21775835990905762,0.031081809591215818,0.18639159202575684,0.2615673542022705,0.20329928398132324
0.0,WENO-Z (2000),0.00012154690534771362,0.00011098929037136011,5.725594292016467e-06,0.0004066757974214852,8.549158155801706e-05,0.008777264468371869,0.00949239649768854,4.3392181396484375e-05,0.029947519302368164,0.005012571811676025,0.00476207351195626,0.007337952361422687,1.8358230590820312e-05,0.029709219932556152,0.0007487057300750166,2.3477554316286844e-06,1.3711193596515813e-06,5.149841513230058e-07,5.931854047958041e-06,2.117157009706716e-06,2.263593654987517e-06,1.445488645261573e-06,2.3841892016207566e-08,5.931854047958041e-06,2.088546693812532e-06,3.7695999999999996,0.4724411635973567,2.112,4.0,3.984,3.1,1.0926470386270253,1,6,3.0,0.0155,0.005463235193135126,0.005,0.03,0.015,10.11941568851471,2.6920929670268494,2.130117654800415,17.577823638916016,10.043091297149658,4.9977727012446846e-05,2.3961068890949182e-05,1.5029311725811567e-05,9.682179370429367e-05,4.9008616770152e-05,0.001419167203894176,0.002814730755058854,1.7049311281880364e-05,0.013152820989489555,0.0004024332301924005,0.10595397472381592,0.01391422518702888,0.08653926849365234,0.13715147972106934,0.09798896312713623,2000.0,0.0,2000,2000,2000.0,200.0,0.0,200,200,200.0,20.0,0.0,20,20,20.0,20.0,0.0,20,20,20.0,0.0,0.0,0,0,0.0,0.21775835990905762,0.031081809591215818,0.18639159202575684,0.2615673542022705,0.20329928398132324
0.0,WENO-Z (400),0.00220288571465062,0.0010820588158535918,7.399248715955764e-05,0.004299381747841835,0.0022063617361709476,0.142022338360548,0.06923730136870625,0.005938708782196045,0.274463415145874,0.14932993054389954,0.10321640335023403,0.06981075360998476,0.005736112594604492,0.27431410551071167,0.08947514370083809,2.469968787863763e-06,1.4792115057319714e-06,5.340576194612368e-07,6.5588951656536665e-06,2.1648406800522935e-06,2.3830890449971778e-06,1.5529264966451966e-06,3.814696469817136e-08,6.5588951656536665e-06,2.1600723130177357e-06,3.832,0.3791703079738439,2.4,4.0,3.984,3.1,1.0926470386270253,1,6,3.0,0.0155,0.005463235193135126,0.005,0.03,0.015,10.11941568851471,2.6920929670268494,2.130117654800415,17.577823638916016,10.043091297149658,0.00019057887122471583,0.00019900946185820112,1.3858081729267724e-05,0.0009134903084486723,0.00011938737952732481,0.06020120324683376,0.04424958535680516,0.0005406531854532659,0.15789246559143066,0.045060258358716965,0.028128976821899413,0.0067179368848067945,0.019377470016479492,0.04593181610107422,0.02456068992614746,400.0,0.0,400,400,400.0,200.0,0.0,200,200,200.0,4.0,0.0,4,4,4.0,4.0,0.0,4,4,4.0,0.0,0.0,0,0,0.0,0.21775835990905762,0.031081809591215818,0.18639159202575684,0.2615673542022705,0.20329928398132324
0.0,WENO-Z (800),0.0006559415870651719,0.0004787814532497009,1.905814315250609e-05,0.0017731294501572847,0.0005748712865170091,0.049820383563637737,0.03528834835601955,0.0013223886489868164,0.12124168872833252,0.04220592975616455,0.030906286211684345,0.03164491750720868,2.1904706954956055e-05,0.1210138201713562,0.01893562078475952,2.4209856849211063e-06,1.452633768436434e-06,4.673004241340095e-07,6.645917892456055e-06,2.117157009706716e-06,2.3318052086551687e-06,1.5190936650896546e-06,3.814696469817136e-08,6.645917892456055e-06,2.1076202756376006e-06,3.80416,0.42100052644302716,2.448,4.0,3.984,3.1,1.0926470386270253,1,6,3.0,0.0155,0.005463235193135126,0.005,0.03,0.015,10.11941568851471,2.6920929670268494,2.130117654800415,17.577823638916016,10.043091297149658,2.0507937297224998e-05,8.574220797287347e-06,9.900331860990264e-06,4.3837739212904125e-05,1.7106536688515916e-05,0.013281187361862977,0.015717785348593215,0.00018440613348502666,0.05815540626645088,0.0054504238069057465,0.04576427459716797,0.0065677905044295385,0.03650712966918945,0.059967756271362305,0.04256749153137207,800.0,0.0,800,800,800.0,200.0,0.0,200,200,200.0,8.0,0.0,8,8,8.0,8.0,0.0,8,8,8.0,0.0,0.0,0,0,0.0,0.21775835990905762,0.031081809591215818,0.18639159202575684,0.2615673542022705,0.20329928398132324
0.001,FVM (1000),0.004442555299028754,0.0010690097211123535,0.0019134858157485723,0.006277082487940788,0.004466729471459985,0.1393945850431919,0.05224557407366344,0.04199570417404175,0.23336052894592285,0.12907156348228455,0.07715721104294061,0.03861154887787378,0.0161781907081604,0.16728055477142334,0.07483556866645813,4.274058342161879e-06,3.028249593787151e-06,6.771087441848067e-07,1.2054443686793093e-05,3.3283233733527595e-06,4.037737847397693e-06,3.198107368318271e-06,3.0517577442878974e-07,1.2054443686793093e-05,3.1185149964585435e-06,3.74688,0.4759852784552506,2.208,4.0,4.0,3.12,1.0999072317097232,1,6,3.0,0.015600000000000001,0.005499536158548616,0.005,0.03,0.015,10.110931215286255,2.6965226688790125,2.052884578704834,17.5723819732666,10.04078197479248,0.006799319582059979,0.002879486524839532,0.003317809198051691,0.021892795339226723,0.006303258705884218,0.06130945305339992,0.0391875366498804,0.004859558772295713,0.15342052280902863,0.05911770090460777,0.03982075691223144,0.00774818289401867,0.029341697692871094,0.05754709243774414,0.0361708402633667,1000.0,0.0,1000,1000,1000.0,200.0,0.0,200,200,200.0,10.0,0.0,10,10,10.0,10.0,0.0,10,10,10.0,0.0,0.0,0,0,0.0,0.21052238941192628,0.03084794576617128,0.18656563758850098,0.26004505157470703,0.18773555755615234
0.001,FVM (200),0.026421555131673814,0.005447172917240099,0.013060905039310455,0.03623754903674126,0.027310396544635296,0.7294927316904068,0.2779820967033872,0.2546338737010956,1.83811616897583,0.7140757441520691,0.4908368346095085,0.2053050018131334,0.00847703218460083,1.1048638820648193,0.47679750621318817,4.196107438474428e-06,2.9025222665013633e-06,5.912780807193485e-07,1.125335711549269e-05,3.4141540936616366e-06,3.984105628092039e-06,3.0529819872584537e-06,2.574920756615029e-07,1.125335711549269e-05,3.2901764370762976e-06,3.7007999999999996,0.5572574241180585,1.8880000000000001,4.0,4.0,3.12,1.0999072317097232,1,6,3.0,0.015600000000000001,0.005499536158548616,0.005,0.03,0.015,10.110931215286255,2.6965226688790125,2.052884578704834,17.5723819732666,10.04078197479248,0.059814785718917844,0.04030696865525897,0.01663045585155487,0.2028774619102478,0.04576973244547844,0.3812373971939087,0.13479829259363532,0.0840974897146225,0.7003467082977295,0.37475818395614624,0.014577288627624512,0.004439913598093475,0.00898599624633789,0.026746273040771484,0.013225674629211426,200.0,0.0,200,200,200.0,200.0,0.0,200,200,200.0,2.0,0.0,2,2,2.0,2.0,0.0,2,2,2.0,0.0,0.0,0,0,0.0,0.21052238941192628,0.03084794576617128,0.18656563758850098,0.26004505157470703,0.18773555755615234
0.001,FVM (2000),0.002088903997791931,0.0004944874523972922,0.0009527645888738334,0.003101348876953125,0.0020461316453292966,0.06489146269857883,0.027334738390153348,0.0195387601852417,0.11105716228485107,0.06513673439621925,0.03239375106990337,0.017744528289420275,0.003752589225769043,0.07063263654708862,0.02977478038519621,4.4902801687385366e-06,2.809575666847707e-06,5.960464477539062e-07,1.2855529348598793e-05,3.943443289244897e-06,4.294061670293559e-06,3.010452310537619e-06,1.5258788721439487e-07,1.2855529348598793e-05,3.943443289244897e-06,3.7807999999999997,0.43121016231256953,2.2720000000000002,4.0,4.0,3.12,1.0999072317097232,1,6,3.0,0.015600000000000001,0.005499536158548616,0.005,0.03,0.015,10.110931215286255,2.6965226688790125,2.052884578704834,17.5723819732666,10.04078197479248,0.003296779771335423,0.0011707531495959,0.0016717776888981462,0.008450418710708618,0.003056140267290175,0.026951182663906365,0.020704662727687183,0.0018175310688093305,0.09217539429664612,0.019129764288663864,0.07915275573730468,0.015620332243273647,0.05217289924621582,0.1099238395690918,0.07235229015350342,2000.0,0.0,2000,2000,2000.0,200.0,0.0,200,200,200.0,20.0,0.0,20,20,20.0,20.0,0.0,20,20,20.0,0.0,0.0,0,0,0.0,0.21052238941192628,0.03084794576617128,0.18656563758850098,0.26004505157470703,0.18773555755615234
0.001,FVM (400),0.012268242696300148,0.00279595280445187,0.005520285572856665,0.01712135411798954,0.012628396973013878,0.38862102419137956,0.14944533926992387,0.13266563415527344,0.8293797969818115,0.37374407052993774,0.2418048821389675,0.10476179588119294,0.04297754168510437,0.4614412188529968,0.2421422004699707,4.208278718351721e-06,2.885601269484882e-06,5.626678785120021e-07,1.1291504051769152e-05,3.4427641821821453e-06,3.994560281057602e-06,3.0464775514999074e-06,2.2888184503244702e-07,1.1291504051769152e-05,3.3235550063182018e-06,3.6899200000000003,0.5528111402049473,1.8880000000000001,4.0,4.0,3.12,1.0999072317097232,1,6,3.0,0.015600000000000001,0.005499536158548616,0.005,0.03,0.015,10.110931215286255,2.6965226688790125,2.052884578704834,17.5723819732666,10.04078197479248,0.0203438401222229,0.011751504361172676,0.00841592252254486,0.06898216903209686,0.017054636031389236,0.1800821105763316,0.08591191724206527,0.022698713466525078,0.3553094267845154,0.17359522730112076,0.021147098541259766,0.005085306596935079,0.014095544815063477,0.03151965141296387,0.019844651222229004,400.0,0.0,400,400,400.0,200.0,0.0,200,200,200.0,4.0,0.0,4,4,4.0,4.0,0.0,4,4,4.0,0.0,0.0,0,0,0.0,0.21052238941192628,0.03084794576617128,0.18656563758850098,0.26004505157470703,0.18773555755615234
0.001,FVM (800),0.005677144229412079,0.0013671520445226936,0.002431069500744343,0.008065233938395977,0.005820383783429861,0.17844766229391099,0.06750845889265715,0.05618393421173096,0.3018631935119629,0.16741639375686646,0.10188093077391386,0.0498138140616449,0.020693419501185417,0.21643638610839844,0.10401206463575363,4.1031480407127676e-06,2.8040095122827387e-06,5.340576194612368e-07,1.1138916306663305e-05,3.309249791527691e-06,3.883945988718551e-06,2.9524326626897584e-06,2.47955313170678e-07,1.1138916306663305e-05,3.108978262389428e-06,3.71808,0.49413622181973826,2.208,4.0,3.992,3.12,1.0999072317097232,1,6,3.0,0.015600000000000001,0.005499536158548616,0.005,0.03,0.015,10.110931215286255,2.6965226688790125,2.052884578704834,17.5723819732666,10.04078197479248,0.008702494585886598,0.003781168079909022,0.004179343581199646,0.028589412569999695,0.008084716740995646,0.07926394190639258,0.0475702301078794,0.009922623634338379,0.181277334690094,0.0706523023545742,0.03563994407653809,0.0074108306150978106,0.026288270950317383,0.04805898666381836,0.031215190887451172,800.0,0.0,800,800,800.0,200.0,0.0,200,200,200.0,8.0,0.0,8,8,8.0,8.0,0.0,8,8,8.0,0.0,0.0,0,0,0.0,0.21052238941192628,0.03084794576617128,0.18656563758850098,0.26004505157470703,0.18773555755615234
0.001,Ours (200),0.0007879521214636042,0.00031035222946051104,0.000360228557838127,0.0017162440344691277,0.0007458351901732385,0.03446970865130425,0.01843578877684852,0.005917787551879883,0.08218169212341309,0.03033357858657837,0.013617331935092807,0.008616477930544292,0.0007489919662475586,0.036636531352996826,0.01157677173614502,4.205882564747299e-06,2.9317117635162685e-06,5.578995114774443e-07,1.1367797924322076e-05,3.4332275617998675e-06,3.991496574258235e-06,3.087182269995021e-06,2.47955313170678e-07,1.1367797924322076e-05,3.3426284744564327e-06,3.68384,0.5492620414739049,1.92,4.0,3.984,3.12,1.0999072317097232,1,6,3.0,0.015600000000000001,0.005499536158548616,0.005,0.03,0.015,10.110931215286255,2.6965226688790125,2.052884578704834,17.5723819732666,10.04078197479248,0.0021363660308998077,0.0008158988908613173,0.0007244378793984652,0.004096425138413906,0.0021453355439007282,0.008675984418950976,0.005334758738293061,0.0028673887718468904,0.022799799218773842,0.005828069057315588,0.16995034217834473,0.04848720583940247,0.09485507011413574,0.27408432960510254,0.13954269886016846,200.0,0.0,200,200,200.0,200.0,0.0,200,200,200.0,2.0,0.0,2,2,2.0,0.0,0.0,0,0,0.0,2.0,0.0,2,2,2.0,0.21052238941192628,0.03084794576617128,0.18656563758850098,0.26004505157470703,0.18773555755615234
0.001,WENO-Z (1000),0.0004935364708217094,0.00035943548740889473,1.6414629499195144e-05,0.0013362016761675477,0.0004285544127924368,0.037550532966852186,0.026646632078553018,0.0008192136883735657,0.09115898609161377,0.0336766242980957,0.02294666068861261,0.023925243452894283,0.00022803246974945068,0.09054785966873169,0.014152653515338898,4.203510300158086e-06,2.9247054653883116e-06,5.769729796156753e-07,1.1749267287086695e-05,3.3235551200050395e-06,3.9722442573975056e-06,3.0925733304732664e-06,4.768372718899627e-08,1.1749267287086695e-05,3.1948088690114673e-06,3.68832,0.5550779845927883,1.92,4.0,3.992,3.12,1.0999072317097232,1,6,3.0,0.015600000000000001,0.005499536158548616,0.005,0.03,0.015,10.110931215286255,2.6965226688790125,2.052884578704834,17.5723819732666,10.04078197479248,3.2221291439782364e-05,1.2335004639274692e-05,1.3113021850585938e-05,6.19709535385482e-05,2.8342010409687646e-05,0.009751631819817703,0.011810938678404196,6.360492261592299e-05,0.04357440397143364,0.0038296680431813,0.059245786666870116,0.009520996543360557,0.046028852462768555,0.07647705078125,0.05273544788360596,1000.0,0.0,1000,1000,1000.0,200.0,0.0,200,200,200.0,10.0,0.0,10,10,10.0,10.0,0.0,10,10,10.0,0.0,0.0,0,0,0.0,0.21052238941192628,0.03084794576617128,0.18656563758850098,0.26004505157470703,0.18773555755615234
0.001,WENO-Z (200),0.006539421252673492,0.0021903997470949788,0.0003697575884871185,0.009937307797372341,0.006603996967896819,0.34504291266202924,0.11958907835370072,0.02657802402973175,0.5614794492721558,0.3439101576805115,0.2786674353480339,0.13302507890173287,0.022448956966400146,0.5592049956321716,0.2801097184419632,4.18560508705923e-06,2.8964800738234873e-06,5.340576194612368e-07,1.125335711549269e-05,3.3950806255234056e-06,3.972792655417834e-06,3.0493449101088508e-06,2.670288097306184e-07,1.125335711549269e-05,3.2901764370762976e-06,3.73312,0.48180818606917153,2.208,4.0,3.984,3.12,1.0999072317097232,1,6,3.0,0.015600000000000001,0.005499536158548616,0.005,0.03,0.015,10.110931215286255,2.6965226688790125,2.052884578704834,17.5723819732666,10.04078197479248,0.008760942934459308,0.008515437329681403,5.84602530580014e-05,0.030104337260127068,0.004238276043906808,0.19237564062699675,0.09200434400629362,0.00478698592633009,0.40831997990608215,0.17771147191524506,0.016194357872009277,0.004537638305816703,0.010816097259521484,0.024413585662841797,0.014424324035644531,200.0,0.0,200,200,200.0,200.0,0.0,200,200,200.0,2.0,0.0,2,2,2.0,2.0,0.0,2,2,2.0,0.0,0.0,0,0,0.0,0.21052238941192628,0.03084794576617128,0.18656563758850098,0.26004505157470703,0.18773555755615234
0.001,WENO-Z (2000),0.0001442842050346371,0.00011340807567332025,1.3268497241369914e-05,0.00042958545964211226,0.00011998235640930943,0.010242274627089501,0.00939148323849326,0.00017917156219482422,0.03035879135131836,0.007905662059783936,0.005754019477171824,0.007611527551970777,9.12398099899292e-05,0.029805421829223633,0.001962294161785394,4.15513519783417e-06,2.7589724940068886e-06,6.19888282926695e-07,1.1291504051769152e-05,3.371238790350617e-06,3.933548949248689e-06,2.9492079028105285e-06,4.52995436717174e-08,1.1291504051769152e-05,3.2520295007998357e-06,3.7603199999999997,0.4417344959338802,2.384,4.0,4.0,3.12,1.0999072317097232,1,6,3.0,0.015600000000000001,0.005499536158548616,0.005,0.03,0.015,10.110931215286255,2.6965226688790125,2.052884578704834,17.5723819732666,10.04078197479248,5.774360601208173e-05,2.3727112623661253e-05,2.0034611225128174e-05,0.00011056065704906359,5.2648785640485585e-05,0.0019530849895818391,0.0030768845320317544,3.661476512206718e-05,0.012509883381426334,0.0006145860534161329,0.10537656784057617,0.014754378932444549,0.08512043952941895,0.13483691215515137,0.09788811206817627,2000.0,0.0,2000,2000,2000.0,200.0,0.0,200,200,200.0,20.0,0.0,20,20,20.0,20.0,0.0,20,20,20.0,0.0,0.0,0,0,0.0,0.21052238941192628,0.03084794576617128,0.18656563758850098,0.26004505157470703,0.18773555755615234
0.001,WENO-Z (400),0.0023189813188218976,0.0010855468408644542,4.388824891066179e-05,0.004354345612227917,0.0023117020027711987,0.14669012516736984,0.06810302596333133,0.0027530789375305176,0.27398455142974854,0.1517818570137024,0.10791589353233576,0.07011338965688046,0.0020273253321647644,0.273873507976532,0.09506075456738472,4.196560402078831e-06,2.8961284972577373e-06,5.531311444428866e-07,1.125335711549269e-05,3.3998489925579634e-06,3.984081759540459e-06,3.0497350868510553e-06,2.2888184503244702e-07,1.125335711549269e-05,3.2949448041108553e-06,3.69728,0.547359041215179,1.984,4.0,4.0,3.12,1.0999072317097232,1,6,3.0,0.015600000000000001,0.005499536158548616,0.005,0.03,0.015,10.110931215286255,2.6965226688790125,2.052884578704834,17.5723819732666,10.04078197479248,0.00023872620120528155,0.00026877379804645654,2.0952535123797134e-05,0.0013856810983270407,0.00015685511607443914,0.06486844217637554,0.045606994335861184,0.0013017451856285334,0.16689084470272064,0.04946989193558693,0.027678174972534178,0.005934644728390715,0.019781112670898438,0.039196014404296875,0.02442026138305664,400.0,0.0,400,400,400.0,200.0,0.0,200,200,200.0,4.0,0.0,4,4,4.0,4.0,0.0,4,4,4.0,0.0,0.0,0,0,0.0,0.21052238941192628,0.03084794576617128,0.18656563758850098,0.26004505157470703,0.18773555755615234
0.001,WENO-Z (800),0.0007290197859038017,0.00048314473851057433,2.0552453861455433e-05,0.0018059450667351484,0.0006683320680167526,0.05356339454650879,0.03442339899822562,0.001172482967376709,0.12161803245544434,0.050348252058029175,0.034143993090838196,0.03200650677956551,0.00019165873527526855,0.12105977535247803,0.023496784269809723,4.154145751726901e-06,2.86128332172468e-06,5.912780807193485e-07,1.1367797924322076e-05,3.3378602211087127e-06,3.932321087063429e-06,3.01921192613027e-06,2.670288097306184e-07,1.1367797924322076e-05,3.2091139701151405e-06,3.72416,0.5473850027398355,1.92,4.0,4.0,3.12,1.0999072317097232,1,6,3.0,0.015600000000000001,0.005499536158548616,0.005,0.03,0.015,10.110931215286255,2.6965226688790125,2.052884578704834,17.5723819732666,10.04078197479248,3.1967467002687044e-05,1.295223704906078e-05,1.4328958059195429e-05,6.89268417772837e-05,2.8935076443303842e-05,0.0159005596388306,0.016918670093485234,9.190564014716074e-05,0.06056397780776024,0.007736592786386609,0.04743458747863769,0.007486225595443894,0.03718757629394531,0.06115531921386719,0.04279947280883789,800.0,0.0,800,800,800.0,200.0,0.0,200,200,200.0,8.0,0.0,8,8,8.0,8.0,0.0,8,8,8.0,0.0,0.0,0,0,0.0,0.21052238941192628,0.03084794576617128,0.18656563758850098,0.26004505157470703,0.18773555755615234
0.005,FVM (1000),0.004760829047299921,0.0011552085591864456,0.002077641198411584,0.006982498336583376,0.004934485303238034,0.15564391776919365,0.057823712098783314,0.05235782265663147,0.2716071605682373,0.15684133768081665,0.09050646919757127,0.0429789681328635,0.01587570644915104,0.1811593770980835,0.0895993523299694,4.527747601059673e-06,3.1662768505009803e-06,6.484985419774603e-07,1.4431476301979274e-05,3.623962356869015e-06,4.301345313706406e-06,3.256108966352641e-06,1.1682510603350238e-07,1.4431476301979274e-05,3.5095213206659537e-06,3.7795199999999998,0.4611174643389332,2.32,4.0,4.0,3.14,1.0881551510024026,1,6,3.0,0.015700000000000002,0.005440775755012013,0.005,0.03,0.015,10.064649968147277,2.7135206174046833,1.7629754543304443,17.53035545349121,9.988117694854736,0.007515753279440105,0.0038278243610071127,0.0032796801533550024,0.021869223564863205,0.00663132150657475,0.07004879070445895,0.03871999426765776,0.009110030718147755,0.15895433723926544,0.06560401618480682,0.04189363956451416,0.009768420481764451,0.029236555099487305,0.06444025039672852,0.036501407623291016,1000.0,0.0,1000,1000,1000.0,200.0,0.0,200,200,200.0,10.0,0.0,10,10,10.0,10.0,0.0,10,10,10.0,0.0,0.0,0,0,0.0,0.20948744773864747,0.029296596870951624,0.18651986122131348,0.25992465019226074,0.18783342838287354
0.005,FVM (200),0.02697767538949847,0.005474613722433669,0.012726583518087864,0.0371038094162941,0.027529750019311905,0.7342800343036652,0.2822427222082444,0.20164614915847778,1.9216814041137695,0.7212346494197845,0.5020922049880028,0.2093190672711485,0.0037122368812561035,1.1972565650939941,0.49124428629875183,4.385030271123469e-06,3.169333847781927e-06,4.386901650832442e-07,1.368284210911952e-05,3.595352268348506e-06,4.1750311854116264e-06,3.275269158485196e-06,1.1444092251622351e-07,1.368284210911952e-05,3.3617019425946637e-06,3.74272,0.5002513262228848,2.176,4.0,4.0,3.14,1.0881551510024026,1,6,3.0,0.015700000000000002,0.005440775755012013,0.005,0.03,0.015,10.064649968147277,2.7135206174046833,1.7629754543304443,17.53035545349121,9.988117694854736,0.06658922836184501,0.04196706000363731,0.016211118549108505,0.19939596951007843,0.05452338792383671,0.3911138041317463,0.13183845417437712,0.07242989540100098,0.7075134515762329,0.3843676447868347,0.014747939109802245,0.004141112611669679,0.009678840637207031,0.025462865829467773,0.013229846954345703,200.0,0.0,200,200,200.0,200.0,0.0,200,200,200.0,2.0,0.0,2,2,2.0,2.0,0.0,2,2,2.0,0.0,0.0,0,0,0.0,0.20948744773864747,0.029296596870951624,0.18651986122131348,0.25992465019226074,0.18783342838287354
0.005,FVM (2000),0.002291996222920716,0.0005672100426663902,0.000997932511381805,0.003391536185517907,0.002324563101865351,0.07348821744322777,0.027557091798539005,0.025760233402252197,0.13651347160339355,0.06942254304885864,0.04059969530440867,0.020411952858453524,0.007553750183433294,0.08562332391738892,0.03936720825731754,4.394531281377567e-06,2.894695741259531e-06,5.912780807193485e-07,1.3005733308091294e-05,3.724098178281565e-06,4.149818424252771e-06,2.9959590636830436e-06,1.5258788721439487e-07,1.3005733308091294e-05,3.5619735854197643e-06,3.74528,0.5096255143710519,2.096,4.0,4.0,3.14,1.0881551510024026,1,6,3.0,0.015700000000000002,0.005440775755012013,0.005,0.03,0.015,10.064649968147277,2.7135206174046833,1.7629754543304443,17.53035545349121,9.988117694854736,0.0034562288084998725,0.0015363290593089838,0.0016573101747781038,0.010541294701397419,0.003139550215564668,0.0338153681345284,0.021485986491830655,0.0043090893886983395,0.09949561208486557,0.03185156360268593,0.07396534442901612,0.015113197868394587,0.051793813705444336,0.10019302368164062,0.06550741195678711,2000.0,0.0,2000,2000,2000.0,200.0,0.0,200,200,200.0,20.0,0.0,20,20,20.0,20.0,0.0,20,20,20.0,0.0,0.0,0,0,0.0,0.20948744773864747,0.029296596870951624,0.18651986122131348,0.25992465019226074,0.18783342838287354
0.005,FVM (400),0.012835762910544873,0.0028310811398580046,0.006037088576704264,0.017827274277806282,0.013179118279367685,0.40971625089645386,0.15791738712533912,0.13805580139160156,0.966032862663269,0.3891468048095703,0.26339410692453386,0.11284190769605745,0.03466600179672241,0.5621549487113953,0.26072560250759125,4.39130067888982e-06,3.1631087446484336e-06,5.340576194612368e-07,1.382946993544465e-05,3.5619735854197643e-06,4.191410524754246e-06,3.2628651572615424e-06,1.8119813205430546e-07,1.382946993544465e-05,3.466606017354934e-06,3.74144,0.5029751549834367,2.208,4.0,4.0,3.14,1.0881551510024026,1,6,3.0,0.015700000000000002,0.005440775755012013,0.005,0.03,0.015,10.064649968147277,2.7135206174046833,1.7629754543304443,17.53035545349121,9.988117694854736,0.02334140758961439,0.01564777879059934,0.008134246803820133,0.0868084579706192,0.016977746039628983,0.19853646345436574,0.08746060018538682,0.03552043437957764,0.3725314140319824,0.1961810439825058,0.021650943756103515,0.00609543469664097,0.013904571533203125,0.032660484313964844,0.019453763961791992,400.0,0.0,400,400,400.0,200.0,0.0,200,200,200.0,4.0,0.0,4,4,4.0,4.0,0.0,4,4,4.0,0.0,0.0,0,0,0.0,0.20948744773864747,0.029296596870951624,0.18651986122131348,0.25992465019226074,0.18783342838287354
0.005,FVM (800),0.006047556451521814,0.0014415746843939965,0.0026621753349900246,0.008796037174761295,0.006305984687060118,0.19792988404631615,0.07406681718445339,0.05762261152267456,0.3676586151123047,0.19849222898483276,0.11751464191824197,0.05418137254260922,0.020188884809613228,0.22966808080673218,0.12063653767108917,4.279911522075963e-06,3.147865628245287e-06,3.814697322468419e-07,1.3684034456673544e-05,3.3569336892469437e-06,4.062950600314252e-06,3.258085845020276e-06,5.722047546896647e-08,1.3684034456673544e-05,3.3187865255968063e-06,3.70336,0.6063324931462092,1.12,4.0,4.0,3.14,1.0881551510024026,1,6,3.0,0.015700000000000002,0.005440775755012013,0.005,0.03,0.015,10.064649968147277,2.7135206174046833,1.7629754543304443,17.53035545349121,9.988117694854736,0.009629933377727867,0.005220130577322379,0.0040963515639305115,0.028319451957941055,0.008294340688735247,0.08978257635608315,0.04613607168854884,0.011357366107404232,0.18364623188972473,0.08210375532507896,0.03466548442840576,0.007998950746172798,0.02573418617248535,0.04747724533081055,0.030037403106689453,800.0,0.0,800,800,800.0,200.0,0.0,200,200,200.0,8.0,0.0,8,8,8.0,8.0,0.0,8,8,8.0,0.0,0.0,0,0,0.0,0.20948744773864747,0.029296596870951624,0.18651986122131348,0.25992465019226074,0.18783342838287354
0.005,Ours (200),0.0016335826308932155,0.000511762125210868,0.0005829792353324592,0.002630645642057061,0.0016317463014274836,0.06091439835727215,0.027254044646651116,0.01349496841430664,0.14294350147247314,0.05650489032268524,0.02929726244881749,0.014394216216816412,0.004333585500717163,0.06773602962493896,0.02788897603750229,4.3859123934453235e-06,3.194351725231244e-06,4.1961669694501325e-07,1.3563632819568738e-05,3.6239624705558526e-06,4.173910589031493e-06,3.312168652996194e-06,1.1444092251622351e-07,1.3563632819568738e-05,3.4332275617998675e-06,3.72096,0.508808009178395,2.208,4.0,4.0,3.14,1.0881551510024026,1,6,3.0,0.015700000000000002,0.005440775755012013,0.005,0.03,0.015,10.064649968147277,2.7135206174046833,1.7629754543304443,17.53035545349121,9.988117694854736,0.00780681601492688,0.003247845788944762,0.001199746155180037,0.01267149392515421,0.008323038928210735,0.025234702825546265,0.011470458065066816,0.011747246608138084,0.05337224528193474,0.020363732241094112,0.17432798385620119,0.047539990999679295,0.09718990325927734,0.2661406993865967,0.16335177421569824,200.0,0.0,200,200,200.0,200.0,0.0,200,200,200.0,2.0,0.0,2,2,2.0,0.0,0.0,0,0,0.0,2.0,0.0,2,2,2.0,0.20948744773864747,0.029296596870951624,0.18651986122131348,0.25992465019226074,0.18783342838287354
0.005,WENO-Z (1000),0.0005458524899950134,0.0003183352867130651,1.632276143936906e-05,0.0011003267718479037,0.000547610514331609,0.03897811472415924,0.02394097071963136,0.0005209594964981079,0.08908891677856445,0.035247594118118286,0.029654853761312553,0.02333242411877078,0.0003546128573361784,0.08883082866668701,0.026234176009893417,4.4370532134507815e-06,3.164949584222256e-06,5.722046125811175e-07,1.407980926160235e-05,3.67164614090143e-06,4.228961479100235e-06,3.249760234196981e-06,1.3113022134803032e-07,1.407980926160235e-05,3.356933575560106e-06,3.78112,0.46203598410972796,2.32,4.0,4.0,3.14,1.0881551510024026,1,6,3.0,0.015700000000000002,0.005440775755012013,0.005,0.03,0.015,10.064649968147277,2.7135206174046833,1.7629754543304443,17.53035545349121,9.988117694854736,3.7447839276865124e-05,1.267509998025665e-05,1.6593934560660273e-05,7.428527169395238e-05,3.6653886127169244e-05,0.012681534861330874,0.012995884657305778,0.00017599237617105246,0.049816519021987915,0.007715197745710611,0.05733212947845459,0.009242309900693262,0.043689727783203125,0.07751727104187012,0.052333831787109375,1000.0,0.0,1000,1000,1000.0,200.0,0.0,200,200,200.0,10.0,0.0,10,10,10.0,10.0,0.0,10,10,10.0,0.0,0.0,0,0,0.0,0.20948744773864747,0.029296596870951624,0.18651986122131348,0.25992465019226074,0.18783342838287354
0.005,WENO-Z (200),0.006805036808073055,0.0021706638821755836,0.00021483305317815393,0.010331437923014164,0.006825687363743782,0.34980446875095367,0.11782520227566651,0.0079384446144104,0.6017072200775146,0.3522786796092987,0.288004286037758,0.13092963108451713,0.007298747543245554,0.5886117815971375,0.2939976155757904,4.379069810056535e-06,3.1615136319434597e-06,3.242492425670207e-07,1.368284210911952e-05,3.5190582821087446e-06,4.165303728029812e-06,3.26685568168789e-06,1.430511673561341e-07,1.368284210911952e-05,3.3473968414909905e-06,3.6848,0.5979251198767215,1.488,4.0,4.0,3.14,1.0881551510024026,1,6,3.0,0.015700000000000002,0.005440775755012013,0.005,0.03,0.015,10.064649968147277,2.7135206174046833,1.7629754543304443,17.53035545349121,9.988117694854736,0.011405854832846672,0.011627771382053176,7.261038990691304e-05,0.04059791937470436,0.004375925054773688,0.19962371024303138,0.0920052157549568,0.007593351881951094,0.4037606120109558,0.18527115881443024,0.016396961212158202,0.004460884978404353,0.01118612289428711,0.027003765106201172,0.014431238174438477,200.0,0.0,200,200,200.0,200.0,0.0,200,200,200.0,2.0,0.0,2,2,2.0,2.0,0.0,2,2,2.0,0.0,0.0,0,0,0.0,0.20948744773864747,0.029296596870951624,0.18651986122131348,0.25992465019226074,0.18783342838287354
0.005,WENO-Z (2000),0.00013374460257182364,9.023885896320472e-05,1.5182587958406657e-05,0.0003111754485871643,0.00011768996046157554,0.009109517391771078,0.007910994727960875,0.00010165572166442871,0.027910232543945312,0.007174432277679443,0.006976622105576098,0.006944139864353612,7.27921724319458e-05,0.026847004890441895,0.004831396043300629,4.271900640446802e-06,2.876808965372726e-06,3.337860050578456e-07,1.2692213203990832e-05,3.4618376503203763e-06,4.114496684621827e-06,2.955002196327807e-06,3.8146978909026075e-08,1.2692213203990832e-05,3.3998488788711256e-06,3.75584,0.5949605838427705,1.12,4.0,4.0,3.14,1.0881551510024026,1,6,3.0,0.015700000000000002,0.005440775755012013,0.005,0.03,0.015,10.064649968147277,2.7135206174046833,1.7629754543304443,17.53035545349121,9.988117694854736,6.011499437590828e-05,2.295468599680859e-05,2.428293737466447e-05,0.00011112690845038742,5.343519296729937e-05,0.0019794207846280188,0.0026753765902892226,4.728844578494318e-05,0.010253227315843105,0.0008879443339537829,0.10607900619506835,0.014993657630155605,0.08562397956848145,0.13649249076843262,0.0979013442993164,2000.0,0.0,2000,2000,2000.0,200.0,0.0,200,200,200.0,20.0,0.0,20,20,20.0,20.0,0.0,20,20,20.0,0.0,0.0,0,0,0.0,0.20948744773864747,0.029296596870951624,0.18651986122131348,0.25992465019226074,0.18783342838287354
0.005,WENO-Z (400),0.0025346589212131222,0.0010328604769496634,4.3878368160221726e-05,0.004312579520046711,0.0024750801967456937,0.15341916143894196,0.06324909327758975,0.0024449825286865234,0.2769862413406372,0.15108178555965424,0.12258091596188024,0.06862348264164292,0.001402283669449389,0.27676790952682495,0.11225374415516853,4.386127009183838e-06,3.175064344986607e-06,4.1961669694501325e-07,1.3788938304060139e-05,3.5858155342793907e-06,4.180705561225295e-06,3.2757523964304653e-06,1.7166138377433526e-07,1.3788938304060139e-05,3.3664703096292214e-06,3.7206400000000004,0.5111749474874288,2.208,4.0,4.0,3.14,1.0881551510024026,1,6,3.0,0.015700000000000002,0.005440775755012013,0.005,0.03,0.015,10.064649968147277,2.7135206174046833,1.7629754543304443,17.53035545349121,9.988117694854736,0.000533927384421986,0.0007100070179491137,2.292394856340252e-05,0.003802209859713912,0.0002146302067558281,0.07424160940572619,0.047590086600991816,0.0010701909195631742,0.19234655797481537,0.06438521295785904,0.0274533748626709,0.006188560371433245,0.01917099952697754,0.03782296180725098,0.02424442768096924,400.0,0.0,400,400,400.0,200.0,0.0,200,200,200.0,4.0,0.0,4,4,4.0,4.0,0.0,4,4,4.0,0.0,0.0,0,0,0.0,0.20948744773864747,0.029296596870951624,0.18651986122131348,0.25992465019226074,0.18783342838287354
0.005,WENO-Z (800),0.0008206782400884549,0.00043575404625094557,2.0083889467059635e-05,0.001561323064379394,0.0008441635582130402,0.05655416466295719,0.031127989983072597,0.0007944703102111816,0.12016439437866211,0.052373504266142845,0.04319958740263246,0.03138710004581906,0.00014391541481018066,0.11978697776794434,0.038043273612856865,4.355144516807741e-06,3.165693191437818e-06,3.9100646631595737e-07,1.3790130651614163e-05,3.5667420661411597e-06,4.136848469755705e-06,3.276087429157821e-06,1.1444091541079615e-07,1.3790130651614163e-05,3.2997130574585753e-06,3.7376,0.5539922639996234,1.504,4.0,4.0,3.14,1.0881551510024026,1,6,3.0,0.015700000000000002,0.005440775755012013,0.005,0.03,0.015,10.064649968147277,2.7135206174046833,1.7629754543304443,17.53035545349121,9.988117694854736,4.0614572462800424e-05,2.007773821453171e-05,1.4364723028847948e-05,0.000129735519294627,3.576578637876082e-05,0.020489987434120848,0.01863118671524159,0.0003196223988197744,0.07148507237434387,0.014735089149326086,0.04714877128601074,0.007863178101386615,0.035787105560302734,0.06554412841796875,0.04277181625366211,800.0,0.0,800,800,800.0,200.0,0.0,200,200,200.0,8.0,0.0,8,8,8.0,8.0,0.0,8,8,8.0,0.0,0.0,0,0,0.0,0.20948744773864747,0.029296596870951624,0.18651986122131348,0.25992465019226074,0.18783342838287354
0.01,FVM (1000),0.004955963878892362,0.0011343944855049435,0.0023584170266985893,0.007093827705830336,0.005087972851470113,0.16208970293402672,0.06350373443096716,0.04602746665477753,0.3603248596191406,0.15526342391967773,0.0996208544448018,0.04425329827999344,0.02291661500930786,0.2035372257232666,0.09861395508050919,2.9097676332412446e-06,2.081163354130094e-06,4.196167253667227e-07,9.316206160292495e-06,2.2470951535069617e-06,2.7193665535207858e-06,2.1485144623614383e-06,3.814696469817136e-08,9.316206160292495e-06,2.183914261877362e-06,3.6518400000000004,0.6158934230623254,1.824,4.0,4.0,3.1,1.0926470386270253,1,6,3.0,0.0155,0.005463235193135126,0.005,0.03,0.015,9.952041115760803,2.733118328520065,1.4966189861297607,17.39830207824707,9.963315486907959,0.008194326083175838,0.005161538472992706,0.0031686879228800535,0.028038138523697853,0.006594577571377158,0.07642474940046667,0.034594608014025995,0.008669446222484112,0.14261527359485626,0.0791223794221878,0.03968935966491699,0.007984667685168395,0.030341386795043945,0.0576629638671875,0.035848021507263184,1000.0,0.0,1000,1000,1000.0,200.0,0.0,200,200,200.0,10.0,0.0,10,10,10.0,10.0,0.0,10,10,10.0,0.0,0.0,0,0,0.0,0.20336605548858644,0.027166990128606044,0.1863861083984375,0.2643289566040039,0.18737423419952393
0.01,FVM (200),0.027206248547881843,0.005452430990759491,0.012253455817699432,0.037928443402051926,0.027581593953073025,0.7185672888159752,0.2814920163722594,0.15488581359386444,1.9820011854171753,0.6800751388072968,0.4958336417376995,0.20687173227883396,0.0008990764617919922,1.27273690700531,0.47963716089725494,2.8008103319621115e-06,2.1284534385662143e-06,2.288818308215923e-07,8.659362720209174e-06,1.978874138330866e-06,2.6390075625926103e-06,2.205165938175993e-06,9.536748279970197e-09,8.52346420288086e-06,1.8644333295014803e-06,3.6732799999999997,0.6367434699552185,1.6320000000000001,4.0,3.984,3.1,1.0926470386270253,1,6,3.0,0.0155,0.005463235193135126,0.005,0.03,0.015,9.952041115760803,2.733118328520065,1.4966189861297607,17.39830207824707,9.963315486907959,0.0743311032652855,0.044885712238392016,0.016470039263367653,0.20380662381649017,0.06303559988737106,0.38316641345620156,0.12986283592095196,0.0663691982626915,0.6688151955604553,0.37823083996772766,0.014549503326416016,0.004111207648239088,0.009288311004638672,0.025296688079833984,0.013233780860900879,200.0,0.0,200,200,200.0,200.0,0.0,200,200,200.0,2.0,0.0,2,2,2.0,2.0,0.0,2,2,2.0,0.0,0.0,0,0,0.0,0.20336605548858644,0.027166990128606044,0.1863861083984375,0.2643289566040039,0.18737423419952393
0.01,FVM (2000),0.0023998416122049094,0.0005653113387008699,0.001134144957177341,0.0035084285773336887,0.0024508616188541055,0.07782029911875725,0.03034423750892785,0.023570731282234192,0.16180062294006348,0.07492977380752563,0.045771714095026256,0.02093936418032448,0.006272822618484497,0.08700346946716309,0.046457065269351006,2.868735804213429e-06,1.968416860673546e-06,3.814697606685513e-07,8.016824722290039e-06,2.1123886426721583e-06,2.67255307250025e-06,2.0288702003127767e-06,3.8146978909026075e-08,8.016824722290039e-06,2.0599363779183477e-06,3.7001600000000003,0.49909041183303987,2.08,4.0,3.992,3.1,1.0926470386270253,1,6,3.0,0.0155,0.005463235193135126,0.005,0.03,0.015,9.952041115760803,2.733118328520065,1.4966189861297607,17.39830207824707,9.963315486907959,0.003897266238927841,0.0021949839407923648,0.0016158216167241335,0.01221148669719696,0.003297304268926382,0.0355748987570405,0.017601760973826725,0.004402711987495422,0.08051097393035889,0.035506101325154305,0.07386533737182617,0.014505834580751113,0.05283689498901367,0.10472798347473145,0.06494081020355225,2000.0,0.0,2000,2000,2000.0,200.0,0.0,200,200,200.0,20.0,0.0,20,20,20.0,20.0,0.0,20,20,20.0,0.0,0.0,0,0,0.0,0.20336605548858644,0.027166990128606044,0.1863861083984375,0.2643289566040039,0.18737423419952393
0.01,FVM (400),0.013166286181658507,0.0027969059318851573,0.00632344139739871,0.018602455034852028,0.013422688469290733,0.41212706834077834,0.16557290198399446,0.10098271071910858,1.0925854444503784,0.3824719488620758,0.27386605106294154,0.11581187817823228,0.0268247127532959,0.6785321831703186,0.27958837151527405,2.7954697486620716e-06,2.106802598834675e-06,4.1961669694501325e-07,8.695125870872289e-06,1.9931792394345393e-06,2.6283621843958826e-06,2.18839219542801e-06,9.536748279970197e-09,8.695125870872289e-06,1.9693374042617506e-06,3.69568,0.5685182114362687,1.84,4.0,4.0,3.1,1.0926470386270253,1,6,3.0,0.0155,0.005463235193135126,0.005,0.03,0.015,9.952041115760803,2.733118328520065,1.4966189861297607,17.39830207824707,9.963315486907959,0.027462732009589673,0.019648189191492228,0.007975783199071884,0.1061115637421608,0.019645671360194683,0.20240428246557712,0.07956018523829742,0.042112745344638824,0.3828350007534027,0.21235686540603638,0.0210684871673584,0.004866845466916278,0.013916254043579102,0.03188323974609375,0.019223451614379883,400.0,0.0,400,400,400.0,200.0,0.0,200,200,200.0,4.0,0.0,4,4,4.0,4.0,0.0,4,4,4.0,0.0,0.0,0,0,0.0,0.20336605548858644,0.027166990128606044,0.1863861083984375,0.2643289566040039,0.18737423419952393
0.01,FVM (800),0.006285394364967942,0.001414881347681062,0.0030375116039067507,0.008948907256126404,0.00645353551954031,0.20533475607633592,0.08080451223021849,0.05657897889614105,0.47623586654663086,0.1952608823776245,0.12864813297986985,0.05618928382465444,0.02583208680152893,0.2767091989517212,0.12729369848966599,2.7099072786995747e-06,2.147227872660366e-06,3.2424927098873013e-07,9.002685146697331e-06,1.8978117850565468e-06,2.5385141337608273e-06,2.2216116731494674e-06,9.536743306171047e-08,8.574724233767483e-06,1.7547607740198146e-06,3.56928,0.6650983981214159,1.824,4.0,3.992,3.1,1.0926470386270253,1,6,3.0,0.0155,0.005463235193135126,0.005,0.03,0.015,9.952041115760803,2.733118328520065,1.4966189861297607,17.39830207824707,9.963315486907959,0.010596180977299809,0.006715268945733274,0.003956991713494062,0.03829934075474739,0.008511829189956188,0.09732459522783757,0.043648446897083464,0.010812314227223396,0.18466447293758392,0.10129048675298691,0.033310165405273436,0.007407904333750118,0.026476621627807617,0.048577308654785156,0.03005194664001465,800.0,0.0,800,800,800.0,200.0,0.0,200,200,200.0,8.0,0.0,8,8,8.0,8.0,0.0,8,8,8.0,0.0,0.0,0,0,0.0,0.20336605548858644,0.027166990128606044,0.1863861083984375,0.2643289566040039,0.18737423419952393
0.01,Ours (200),0.0029677660041488706,0.0009733558882090021,0.0010434447322040796,0.004817330744117498,0.002977770403958857,0.11986224681138992,0.05010619564586237,0.026761531829833984,0.23616409301757812,0.12231498956680298,0.059788109669461846,0.026779187649898378,0.005744437221437693,0.12508362531661987,0.05612240917980671,2.7778863756111605e-06,2.144279610919934e-06,2.670288097306184e-07,8.735656592762098e-06,1.964569037227193e-06,2.6142120310623793e-06,2.224704536593959e-06,9.536742595628311e-08,8.378028724109754e-06,1.8692016396926192e-06,3.6208,0.6230259273276265,1.824,4.0,3.984,3.1,1.0926470386270253,1,6,3.0,0.0155,0.005463235193135126,0.005,0.03,0.015,9.952041115760803,2.733118328520065,1.4966189861297607,17.39830207824707,9.963315486907959,0.014211160221602768,0.006121260926820151,0.001432788441888988,0.025164185091853142,0.015324697364121675,0.05234052073210478,0.027011790246924492,0.02100532501935959,0.11871469020843506,0.04133033566176891,0.16573163986206055,0.03952407654540791,0.09640836715698242,0.27106809616088867,0.15025055408477783,200.0,0.0,200,200,200.0,200.0,0.0,200,200,200.0,2.0,0.0,2,2,2.0,0.0,0.0,0,0,0.0,2.0,0.0,2,2,2.0,0.20336605548858644,0.027166990128606044,0.1863861083984375,0.2643289566040039,0.18737423419952393
0.01,WENO-Z (1000),0.00037393557642644736,0.00021223830647014628,1.2358981621218845e-05,0.0008733269642107189,0.00031694534118287265,0.02825463652610779,0.018625173840258965,0.00031481683254241943,0.08649730682373047,0.025907933712005615,0.0233276189211756,0.017772362964850606,0.00020733755081892014,0.08637428283691406,0.019514622166752815,2.843272655468354e-06,2.080302981148343e-06,3.2424927098873013e-07,8.927583621698432e-06,2.0790099597434164e-06,2.6629089973084774e-06,2.163974294802084e-06,3.8146978909026075e-08,8.927583621698432e-06,2.0217894416418858e-06,3.64864,0.6178954987268792,1.824,4.0,3.992,3.1,1.0926470386270253,1,6,3.0,0.0155,0.005463235193135126,0.005,0.03,0.015,9.952041115760803,2.733118328520065,1.4966189861297607,17.39830207824707,9.963315486907959,5.9717385538533564e-05,4.985801705922852e-05,1.3831258002028335e-05,0.0002796693006530404,4.2066558307851665e-05,0.007576944650209043,0.0077569455380964575,0.00016609013255219907,0.034510497003793716,0.005270885303616524,0.055591855049133304,0.008548810151463138,0.04516100883483887,0.07278704643249512,0.05147147178649902,1000.0,0.0,1000,1000,1000.0,200.0,0.0,200,200,200.0,10.0,0.0,10,10,10.0,10.0,0.0,10,10,10.0,0.0,0.0,0,0,0.0,0.20336605548858644,0.027166990128606044,0.1863861083984375,0.2643289566040039,0.18737423419952393
0.01,WENO-Z (200),0.0066592865835991685,0.002037347105018174,0.0001308760984102264,0.009837313555181026,0.0068799820728600025,0.33807280626147984,0.11028201446818078,0.005004240199923515,0.6342525482177734,0.3362358808517456,0.27930086388252673,0.1222807865008137,0.0029911096207797527,0.6216749548912048,0.27941232919692993,2.7768969570729498e-06,2.1028608649063173e-06,2.288818308215923e-07,8.553266525268555e-06,1.926422100950731e-06,2.6167035284885288e-06,2.183079250174845e-06,1.907348590179936e-08,8.553266525268555e-06,1.8501281715543882e-06,3.6118400000000004,0.6673722872549612,1.6320000000000001,4.0,3.984,3.1,1.0926470386270253,1,6,3.0,0.0155,0.005463235193135126,0.005,0.03,0.015,9.952041115760803,2.733118328520065,1.4966189861297607,17.39830207824707,9.963315486907959,0.01505086416946142,0.015824980951420365,8.577109838370234e-05,0.05485338717699051,0.006109633948653936,0.1890559912286699,0.08629856392937563,0.0040517328307032585,0.40508025884628296,0.18298036605119705,0.016690382957458495,0.004496504344267396,0.01086735725402832,0.025213956832885742,0.014471769332885742,200.0,0.0,200,200,200.0,200.0,0.0,200,200,200.0,2.0,0.0,2,2,2.0,2.0,0.0,2,2,2.0,0.0,0.0,0,0,0.0,0.20336605548858644,0.027166990128606044,0.1863861083984375,0.2643289566040039,0.18737423419952393
0.01,WENO-Z (2000),5.913602546570473e-05,3.990462029650703e-05,1.2507601240940858e-05,0.00024246919201686978,5.105244417791255e-05,0.0030959827452898027,0.0035090515854853785,5.02169132232666e-05,0.02095508575439453,0.0019680876284837723,0.0024866832187399267,0.0033496278993243793,3.9616599678993225e-05,0.0208590030670166,0.0013420581817626953,2.654218672830666e-06,1.8186116799436986e-06,1.9073486612342094e-07,7.585286766698118e-06,2.1457672119140625e-06,2.529025062756318e-06,1.8707053047638693e-06,7.629394360719743e-08,7.585286766698118e-06,2.1457672119140625e-06,3.72192,0.6158368403055724,1.088,4.0,3.984,3.1,1.0926470386270253,1,6,3.0,0.0155,0.005463235193135126,0.005,0.03,0.015,9.952041115760803,2.733118328520065,1.4966189861297607,17.39830207824707,9.963315486907959,5.410417832536041e-05,2.2531033746487357e-05,1.4087569979892578e-05,0.00010100007057189941,5.097426583233755e-05,0.0006988349555467721,0.0006742726705968153,4.584714042721316e-05,0.0043016220442950726,0.0005230726674199104,0.10472502231597901,0.014130749217868815,0.08841490745544434,0.1347639560699463,0.09706461429595947,2000.0,0.0,2000,2000,2000.0,200.0,0.0,200,200,200.0,20.0,0.0,20,20,20.0,20.0,0.0,20,20,20.0,0.0,0.0,0,0,0.0,0.20336605548858644,0.027166990128606044,0.1863861083984375,0.2643289566040039,0.18737423419952393
0.01,WENO-Z (400),0.0023735991665307667,0.0008635225710786372,4.154978159931488e-05,0.0038649244233965874,0.002399623510427773,0.14344545245170592,0.05837763583053619,0.001650393009185791,0.2978940010070801,0.14264780282974243,0.12057498416863383,0.06152243778668396,0.001208398025482893,0.2967339754104614,0.12067371606826782,2.796393605422054e-06,2.127254915115546e-06,3.0517577442878974e-07,8.674859600432683e-06,1.9931792394345393e-06,2.6353835971804073e-06,2.2059501691677054e-06,7.629394360719743e-08,8.674859600432683e-06,1.945495569088962e-06,3.6796800000000003,0.5930932211546444,1.824,4.0,4.0,3.1,1.0926470386270253,1,6,3.0,0.0155,0.005463235193135126,0.005,0.03,0.015,9.952041115760803,2.733118328520065,1.4966189861297607,17.39830207824707,9.963315486907959,0.0015058674465763034,0.0019217327699602674,1.771759707480669e-05,0.007754837162792683,0.00045272495481185615,0.06794702865183354,0.042165043679941616,0.0010460852645337582,0.17189434170722961,0.058757681399583817,0.02641805648803711,0.0057707424449768225,0.01923346519470215,0.04170417785644531,0.023673295974731445,400.0,0.0,400,400,400.0,200.0,0.0,200,200,200.0,4.0,0.0,4,4,4.0,4.0,0.0,4,4,4.0,0.0,0.0,0,0,0.0,0.20336605548858644,0.027166990128606044,0.1863861083984375,0.2643289566040039,0.18737423419952393
0.01,WENO-Z (800),0.0006332823610500782,0.0003112068127132464,1.5461975635844283e-05,0.0012907300842925906,0.0005931462801527232,0.0454811692237854,0.025903360211073763,0.0004902631044387817,0.11780118942260742,0.042955487966537476,0.03795232431963086,0.0251238532605242,0.0003308262676000595,0.11764967441558838,0.03434774838387966,2.749764914824482e-06,2.1251220050376492e-06,2.47955313170678e-07,8.77380352903856e-06,1.93119041114187e-06,2.5753140485562655e-06,2.2138343399317926e-06,3.8146978909026075e-08,8.701085789653007e-06,1.8405914943286916e-06,3.58752,0.6541320543206821,1.792,4.0,4.0,3.1,1.0926470386270253,1,6,3.0,0.0155,0.005463235193135126,0.005,0.03,0.015,9.952041115760803,2.733118328520065,1.4966189861297607,17.39830207824707,9.963315486907959,0.00011169111498020357,0.00012550045707451584,1.269579297513701e-05,0.0006684953696094453,6.327577466436196e-05,0.01448746760492213,0.013304204447977894,0.0002641311730258167,0.054267726838588715,0.009998956695199013,0.046211261749267575,0.007754126116830368,0.037029266357421875,0.06384134292602539,0.04245185852050781,800.0,0.0,800,800,800.0,200.0,0.0,200,200,200.0,8.0,0.0,8,8,8.0,8.0,0.0,8,8,8.0,0.0,0.0,0,0,0.0,0.20336605548858644,0.027166990128606044,0.1863861083984375,0.2643289566040039,0.18737423419952393
