time_rel,quantity,method,corner,value_mean,value_std,n_traj
0.1,CornerVorticityReferenceL2Norm,ref,BL,0.16226904193560282,0.05043876849586111,30
0.2,CornerVorticityReferenceL2Norm,ref,BL,0.16223525131742159,0.050327500208118346,30
0.30000000000000004,CornerVorticityReferenceL2Norm,ref,BL,0.16215108409523965,0.050179813120173666,30
0.4,CornerVorticityReferenceL2Norm,ref,BL,0.16201141277949016,0.05001443816737233,30
0.5,CornerVorticityReferenceL2Norm,ref,BL,0.16183942879239718,0.04985690093619341,30
0.6000000000000001,CornerVorticityReferenceL2Norm,ref,BL,0.16168133194247883,0.04973431089521919,30
0.7000000000000001,CornerVorticityReferenceL2Norm,ref,BL,0.16158465569218,0.04966998719751473,30
0.8,CornerVorticityReferenceL2Norm,ref,BL,0.16157328858971595,0.04967678942318845,30
0.9,CornerVorticityReferenceL2Norm,ref,BL,0.16163425917426746,0.04974898675504119,30
1.0,CornerVorticityReferenceL2Norm,ref,BL,0.16172464738289516,0.04985923212478913,30
1.1,CornerVorticityReferenceL2Norm,ref,BL,0.16179553295175234,0.049968497100822434,30
1.2000000000000002,CornerVorticityReferenceL2Norm,ref,BL,0.16181621129314105,0.050043096791519075,30
1.3,CornerVorticityReferenceL2Norm,ref,BL,0.16178194334109625,0.050064725707364775,30
1.4000000000000001,CornerVorticityReferenceL2Norm,ref,BL,0.16170491551359495,0.05003042544152273,30
1.5,CornerVorticityReferenceL2Norm,ref,BL,0.16160070175925892,0.04994994809658732,30
1.6,CornerVorticityReferenceL2Norm,ref,BL,0.1614809478322665,0.049843965493721665,30
1.7000000000000002,CornerVorticityReferenceL2Norm,ref,BL,0.16135417371988298,0.04974028490245942,30
1.8,CornerVorticityReferenceL2Norm,ref,BL,0.16122958759466807,0.04966668455097988,30
1.9000000000000001,CornerVorticityReferenceL2Norm,ref,BL,0.16111791953444482,0.049642848322299135,30
2.0,CornerVorticityReferenceL2Norm,ref,BL,0.1610275126993656,0.04967385814003758,30
2.1,CornerVorticityReferenceL2Norm,ref,BL,0.16095934982101123,0.049747563594888224,30
2.2,CornerVorticityReferenceL2Norm,ref,BL,0.16090673357248306,0.04983827975586961,30
2.3000000000000003,CornerVorticityReferenceL2Norm,ref,BL,0.16086152742306392,0.04991613018919595,30
2.4000000000000004,CornerVorticityReferenceL2Norm,ref,BL,0.16082233414053917,0.04995724741005528,30
2.5,CornerVorticityReferenceL2Norm,ref,BL,0.16079729720950126,0.04995058950080467,30
2.6,CornerVorticityReferenceL2Norm,ref,BL,0.1607988936205705,0.04990089359291823,30
2.7,CornerVorticityReferenceL2Norm,ref,BL,0.16083529541889827,0.04982795491279442,30
2.8000000000000003,CornerVorticityReferenceL2Norm,ref,BL,0.16090510686238607,0.04976130192974668,30
2.9000000000000004,CornerVorticityReferenceL2Norm,ref,BL,0.16099916895230612,0.049730086831158433,30
3.0,CornerVorticityReferenceL2Norm,ref,BL,0.1611074651281039,0.049752054180723836,30
3.1,CornerVorticityReferenceL2Norm,ref,BL,0.16122446979085606,0.049826923686045764,30
3.2,CornerVorticityReferenceL2Norm,ref,BL,0.16134840125838915,0.04993529870808542,30
3.3000000000000003,CornerVorticityReferenceL2Norm,ref,BL,0.16147602076331774,0.05004245136600523,30
3.4000000000000004,CornerVorticityReferenceL2Norm,ref,BL,0.16159769420822462,0.0501093399180884,30
3.5,CornerVorticityReferenceL2Norm,ref,BL,0.16169755384325982,0.050109599791862025,30
3.6,CornerVorticityReferenceL2Norm,ref,BL,0.16176073427001636,0.05004079862967498,30
3.7,CornerVorticityReferenceL2Norm,ref,BL,0.16178274899721146,0.04992047526884334,30
3.8000000000000003,CornerVorticityReferenceL2Norm,ref,BL,0.1617723231514295,0.04977195629136089,30
3.9000000000000004,CornerVorticityReferenceL2Norm,ref,BL,0.16174569552143414,0.04961263011321491,30
4.0,CornerVorticityReferenceL2Norm,ref,BL,0.1617187405625979,0.04945329547564894,30
4.1000000000000005,CornerVorticityReferenceL2Norm,ref,BL,0.16170211434364318,0.04930663803934849,30
4.2,CornerVorticityReferenceL2Norm,ref,BL,0.1617000641922156,0.04919403268500263,30
4.3,CornerVorticityReferenceL2Norm,ref,BL,0.1617131143808365,0.04914169347493145,30
4.4,CornerVorticityReferenceL2Norm,ref,BL,0.16174300784866016,0.049167845307195514,30
4.5,CornerVorticityReferenceL2Norm,ref,BL,0.16179449285070102,0.04927037917552463,30
4.6000000000000005,CornerVorticityReferenceL2Norm,ref,BL,0.16187117472290993,0.04942380386492731,30
4.7,CornerVorticityReferenceL2Norm,ref,BL,0.16196941485007604,0.04958839570606082,30
4.800000000000001,CornerVorticityReferenceL2Norm,ref,BL,0.1620755779246489,0.049726241570843994,30
4.9,CornerVorticityReferenceL2Norm,ref,BL,0.16216903751095135,0.049814648899140716,30
5.0,CornerVorticityReferenceL2Norm,ref,BL,0.16223036274313926,0.04985079968595726,30
5.1000000000000005,CornerVorticityReferenceL2Norm,ref,BL,0.1622512698173523,0.049848302151250544,30
5.2,CornerVorticityReferenceL2Norm,ref,BL,0.16224065621693928,0.049829791599456205,30
5.300000000000001,CornerVorticityReferenceL2Norm,ref,BL,0.16222151269515356,0.04981984181029073,30
5.4,CornerVorticityReferenceL2Norm,ref,BL,0.1622194061676661,0.04984052352059761,30
5.5,CornerVorticityReferenceL2Norm,ref,BL,0.16225005959471067,0.04990791523699754,30
5.6000000000000005,CornerVorticityReferenceL2Norm,ref,BL,0.16231393416722614,0.050026994947130414,30
5.7,CornerVorticityReferenceL2Norm,ref,BL,0.16239976212382318,0.05018692771507277,30
5.800000000000001,CornerVorticityReferenceL2Norm,ref,BL,0.16249320432543754,0.05036241481728764,30
5.9,CornerVorticityReferenceL2Norm,ref,BL,0.16258412276705106,0.05052305256464916,30
6.0,CornerVorticityReferenceL2Norm,ref,BL,0.16266782060265542,0.05064610552325518,30
6.1000000000000005,CornerVorticityReferenceL2Norm,ref,BL,0.16274124383926392,0.050724952108245625,30
6.2,CornerVorticityReferenceL2Norm,ref,BL,0.1627987119058768,0.05076839504614776,30
6.300000000000001,CornerVorticityReferenceL2Norm,ref,BL,0.16283100619912147,0.05079192271243381,30
6.4,CornerVorticityReferenceL2Norm,ref,BL,0.16282918378710748,0.050806019899649696,30
6.5,CornerVorticityReferenceL2Norm,ref,BL,0.16279081180691718,0.050807915878105965,30
6.6000000000000005,CornerVorticityReferenceL2Norm,ref,BL,0.16272290324171385,0.05078260976072022,30
6.7,CornerVorticityReferenceL2Norm,ref,BL,0.1626382663846016,0.05071312063067436,30
6.800000000000001,CornerVorticityReferenceL2Norm,ref,BL,0.1625488283733527,0.05059240912511314,30
6.9,CornerVorticityReferenceL2Norm,ref,BL,0.1624608278274536,0.05042949503599713,30
7.0,CornerVorticityReferenceL2Norm,ref,BL,0.16237371464570363,0.050247185356957456,30
7.1000000000000005,CornerVorticityReferenceL2Norm,ref,BL,0.16228351816534997,0.05007196149007655,30
7.2,CornerVorticityReferenceL2Norm,ref,BL,0.16218881482879322,0.04992057619154548,30
7.300000000000001,CornerVorticityReferenceL2Norm,ref,BL,0.16209412962198258,0.04979325557108337,30
7.4,CornerVorticityReferenceL2Norm,ref,BL,0.16200791969895362,0.04967812950899974,30
7.5,CornerVorticityReferenceL2Norm,ref,BL,0.16193758994340895,0.049562067075381015,30
7.6000000000000005,CornerVorticityReferenceL2Norm,ref,BL,0.16188477575778962,0.04944016825111591,30
7.7,CornerVorticityReferenceL2Norm,ref,BL,0.16184325913588207,0.04931898797938684,30
7.800000000000001,CornerVorticityReferenceL2Norm,ref,BL,0.16180159499247868,0.04921179753171061,30
7.9,CornerVorticityReferenceL2Norm,ref,BL,0.16174914638201396,0.049129108331497647,30
8.0,CornerVorticityReferenceL2Norm,ref,BL,0.16168128276864688,0.04907139416088096,30
8.1,CornerVorticityReferenceL2Norm,ref,BL,0.16160159707069396,0.04902892728302509,30
8.200000000000001,CornerVorticityReferenceL2Norm,ref,BL,0.1615209996700287,0.048988710028742694,30
8.3,CornerVorticityReferenceL2Norm,ref,BL,0.1614532691737016,0.04894382743745939,30
8.4,CornerVorticityReferenceL2Norm,ref,BL,0.16140876486897468,0.048897510477741914,30
8.5,CornerVorticityReferenceL2Norm,ref,BL,0.1613905683159828,0.04885843263379946,30
8.6,CornerVorticityReferenceL2Norm,ref,BL,0.1613949455320835,0.048832896394339034,30
8.700000000000001,CornerVorticityReferenceL2Norm,ref,BL,0.16141443277398745,0.048820869011029396,30
8.8,CornerVorticityReferenceL2Norm,ref,BL,0.1614420086145401,0.04881799895778585,30
8.9,CornerVorticityReferenceL2Norm,ref,BL,0.16147507677475612,0.04882168914382688,30
9.0,CornerVorticityReferenceL2Norm,ref,BL,0.1615169790883859,0.048837033098234346,30
9.1,CornerVorticityReferenceL2Norm,ref,BL,0.16157460858424505,0.0488766078547906,30
9.200000000000001,CornerVorticityReferenceL2Norm,ref,BL,0.16165368830164273,0.04895232929130404,30
9.3,CornerVorticityReferenceL2Norm,ref,BL,0.1617548167705536,0.04906502427592986,30
9.4,CornerVorticityReferenceL2Norm,ref,BL,0.16187185645103455,0.049199521963463645,30
9.5,CornerVorticityReferenceL2Norm,ref,BL,0.16199271952112515,0.04932907610753837,30
9.600000000000001,CornerVorticityReferenceL2Norm,ref,BL,0.16210254828135173,0.04942725100374457,30
9.700000000000001,CornerVorticityReferenceL2Norm,ref,BL,0.16218849395712218,0.04948109575036498,30
9.8,CornerVorticityReferenceL2Norm,ref,BL,0.16224428961674373,0.049498113705544244,30
9.9,CornerVorticityReferenceL2Norm,ref,BL,0.1622738058368365,0.049502643599740784,30
10.0,CornerVorticityReferenceL2Norm,ref,BL,0.16229249065121015,0.04952357701065753,30
10.100000000000001,CornerVorticityReferenceL2Norm,ref,BL,0.16232337281107903,0.049580790007307834,30
10.200000000000001,CornerVorticityReferenceL2Norm,ref,BL,0.16238648568590483,0.04967788066878399,30
10.3,CornerVorticityReferenceL2Norm,ref,BL,0.16248743658264478,0.04980313375271246,30
10.4,CornerVorticityReferenceL2Norm,ref,BL,0.162613645195961,0.04993634761141663,30
10.5,CornerVorticityReferenceL2Norm,ref,BL,0.16274070491393408,0.05005748647689913,30
10.600000000000001,CornerVorticityReferenceL2Norm,ref,BL,0.1628445528447628,0.05015315286456836,30
10.700000000000001,CornerVorticityReferenceL2Norm,ref,BL,0.16291329016288122,0.050217854785647775,30
10.8,CornerVorticityReferenceL2Norm,ref,BL,0.16295208111405374,0.05025116810793116,30
10.9,CornerVorticityReferenceL2Norm,ref,BL,0.16297760506470998,0.05025501384716812,30
11.0,CornerVorticityReferenceL2Norm,ref,BL,0.16300539125998814,0.050233344985084576,30
11.100000000000001,CornerVorticityReferenceL2Norm,ref,BL,0.16303823962807656,0.050192710552709574,30
11.200000000000001,CornerVorticityReferenceL2Norm,ref,BL,0.163063658028841,0.05014012795158099,30
11.3,CornerVorticityReferenceL2Norm,ref,BL,0.16306247139970462,0.05007880397521705,30
11.4,CornerVorticityReferenceL2Norm,ref,BL,0.16302278538544973,0.05000691698699276,30
11.5,CornerVorticityReferenceL2Norm,ref,BL,0.1629492218295733,0.049922369879026054,30
11.600000000000001,CornerVorticityReferenceL2Norm,ref,BL,0.16286059617996215,0.04982855536925896,30
11.700000000000001,CornerVorticityReferenceL2Norm,ref,BL,0.16277775466442107,0.049735317280716194,30
11.8,CornerVorticityReferenceL2Norm,ref,BL,0.16271063635746638,0.04965491460171914,30
11.9,CornerVorticityReferenceL2Norm,ref,BL,0.16265384281675022,0.04959557875943214,30
12.0,CornerVorticityReferenceL2Norm,ref,BL,0.16259325171510378,0.04955589292515294,30
12.100000000000001,CornerVorticityReferenceL2Norm,ref,BL,0.16251809547344845,0.04952460636613788,30
12.200000000000001,CornerVorticityReferenceL2Norm,ref,BL,0.1624298463265101,0.049487792047684914,30
12.3,CornerVorticityReferenceL2Norm,ref,BL,0.16234265665213268,0.04943889661354223,30
12.4,CornerVorticityReferenceL2Norm,ref,BL,0.1622761718928814,0.04938504828826167,30
12.5,CornerVorticityReferenceL2Norm,ref,BL,0.16224560340245564,0.049346068178466186,30
12.600000000000001,CornerVorticityReferenceL2Norm,ref,BL,0.16225523749987283,0.049346095245871635,30
12.700000000000001,CornerVorticityReferenceL2Norm,ref,BL,0.16229815607269604,0.04940056023737142,30
12.8,CornerVorticityReferenceL2Norm,ref,BL,0.1623602293431759,0.049505632494766985,30
12.9,CornerVorticityReferenceL2Norm,ref,BL,0.1624252366522948,0.0496377163281652,30
13.0,CornerVorticityReferenceL2Norm,ref,BL,0.16247938002149265,0.049764513882327194,30
13.100000000000001,CornerVorticityReferenceL2Norm,ref,BL,0.1625141593317191,0.049859909977606386,30
13.200000000000001,CornerVorticityReferenceL2Norm,ref,BL,0.16252766003211339,0.04991266569052147,30
13.3,CornerVorticityReferenceL2Norm,ref,BL,0.1625247689584891,0.04992622080504871,30
13.4,CornerVorticityReferenceL2Norm,ref,BL,0.162515855828921,0.04991389659124265,30
13.5,CornerVorticityReferenceL2Norm,ref,BL,0.16251332213481268,0.04989305498001071,30
13.600000000000001,CornerVorticityReferenceL2Norm,ref,BL,0.16252651537458102,0.04987965032145002,30
13.700000000000001,CornerVorticityReferenceL2Norm,ref,BL,0.16255717848738035,0.04988442762641194,30
13.8,CornerVorticityReferenceL2Norm,ref,BL,0.16259803647796314,0.049910857418573554,30
13.9,CornerVorticityReferenceL2Norm,ref,BL,0.16263544410467148,0.04995365839262678,30
14.0,CornerVorticityReferenceL2Norm,ref,BL,0.16265487372875215,0.04999903326234334,30
14.100000000000001,CornerVorticityReferenceL2Norm,ref,BL,0.162645964572827,0.05002835451775098,30
14.200000000000001,CornerVorticityReferenceL2Norm,ref,BL,0.1626045803229014,0.0500248550363509,30
14.3,CornerVorticityReferenceL2Norm,ref,BL,0.16253242641687393,0.04998130245967115,30
14.4,CornerVorticityReferenceL2Norm,ref,BL,0.16243591432770094,0.04990453146827768,30
14.5,CornerVorticityReferenceL2Norm,ref,BL,0.16232567106684048,0.04981259150373194,30
14.600000000000001,CornerVorticityReferenceL2Norm,ref,BL,0.1622165004412333,0.04972578391282049,30
14.700000000000001,CornerVorticityReferenceL2Norm,ref,BL,0.1621260903775692,0.04965834962528205,30
14.8,CornerVorticityReferenceL2Norm,ref,BL,0.1620713507135709,0.04961575642779383,30
14.9,CornerVorticityReferenceL2Norm,ref,BL,0.1620632827281952,0.049597122664052036,30
15.0,CornerVorticityReferenceL2Norm,ref,BL,0.16210339119036993,0.04959978810785268,30
15.100000000000001,CornerVorticityReferenceL2Norm,ref,BL,0.16218424141407012,0.04962241391351478,30
15.200000000000001,CornerVorticityReferenceL2Norm,ref,BL,0.1622931664188703,0.04966291075989808,30
15.3,CornerVorticityReferenceL2Norm,ref,BL,0.1624159316221873,0.04971258575210503,30
15.4,CornerVorticityReferenceL2Norm,ref,BL,0.16253897299369177,0.04975452428085695,30
15.5,CornerVorticityReferenceL2Norm,ref,BL,0.16265044833223025,0.049771806821090406,30
15.600000000000001,CornerVorticityReferenceL2Norm,ref,BL,0.16274042874574662,0.0497606365209173,30
15.700000000000001,CornerVorticityReferenceL2Norm,ref,BL,0.16280138045549392,0.049735917477939325,30
15.8,CornerVorticityReferenceL2Norm,ref,BL,0.1628303681810697,0.049721914771974095,30
15.9,CornerVorticityReferenceL2Norm,ref,BL,0.16283195465803146,0.04973416828708011,30
16.0,CornerVorticityReferenceL2Norm,ref,BL,0.16281801015138625,0.049766355318760336,30
16.1,CornerVorticityReferenceL2Norm,ref,BL,0.1628026453157266,0.049792721198741896,30
16.2,CornerVorticityReferenceL2Norm,ref,BL,0.16279493967692057,0.04978531297892546,30
16.3,CornerVorticityReferenceL2Norm,ref,BL,0.1627945976952712,0.049733557296252354,30
16.400000000000002,CornerVorticityReferenceL2Norm,ref,BL,0.16279451946417492,0.04965230604477583,30
16.5,CornerVorticityReferenceL2Norm,ref,BL,0.16278870726625125,0.04957349768628784,30
16.6,CornerVorticityReferenceL2Norm,ref,BL,0.162778985251983,0.04952795160951322,30
16.7,CornerVorticityReferenceL2Norm,ref,BL,0.1627743996679783,0.04952951508170282,30
16.8,CornerVorticityReferenceL2Norm,ref,BL,0.16278311461210251,0.0495709202872959,30
16.900000000000002,CornerVorticityReferenceL2Norm,ref,BL,0.1628033754726251,0.04963137839508185,30
17.0,CornerVorticityReferenceL2Norm,ref,BL,0.16282271121939024,0.049689014743846384,30
17.1,CornerVorticityReferenceL2Norm,ref,BL,0.16282809178034466,0.04973082737202442,30
17.2,CornerVorticityReferenceL2Norm,ref,BL,0.16281913990775745,0.049755778907675734,30
17.3,CornerVorticityReferenceL2Norm,ref,BL,0.16281260251998902,0.04977052235570479,30
17.400000000000002,CornerVorticityReferenceL2Norm,ref,BL,0.1628340279062589,0.04978329702013483,30
17.5,CornerVorticityReferenceL2Norm,ref,BL,0.16290226628383,0.04980219589591204,30
17.6,CornerVorticityReferenceL2Norm,ref,BL,0.16301690215865772,0.049836201535917946,30
17.7,CornerVorticityReferenceL2Norm,ref,BL,0.16315699592232705,0.049892334964647164,30
17.8,CornerVorticityReferenceL2Norm,ref,BL,0.1632925160229206,0.049968275271526606,30
17.900000000000002,CornerVorticityReferenceL2Norm,ref,BL,0.16340030978123346,0.050047765082138485,30
18.0,CornerVorticityReferenceL2Norm,ref,BL,0.1634729837377866,0.05010496770629036,30
18.1,CornerVorticityReferenceL2Norm,ref,BL,0.16351590553919473,0.05011608854460043,30
18.2,CornerVorticityReferenceL2Norm,ref,BL,0.16353712230920792,0.05007133713488541,30
18.3,CornerVorticityReferenceL2Norm,ref,BL,0.16353904083371162,0.04998037798235748,30
18.400000000000002,CornerVorticityReferenceL2Norm,ref,BL,0.16351773763696353,0.049867412072089154,30
18.5,CornerVorticityReferenceL2Norm,ref,BL,0.16346910546223323,0.04975727533049437,30
18.6,CornerVorticityReferenceL2Norm,ref,BL,0.16339528958002728,0.049661448695209554,30
18.7,CornerVorticityReferenceL2Norm,ref,BL,0.1633050873875618,0.049575204367086685,30
18.8,CornerVorticityReferenceL2Norm,ref,BL,0.1632080187400182,0.04948844233809951,30
18.900000000000002,CornerVorticityReferenceL2Norm,ref,BL,0.16310812830924987,0.04940025549683251,30
19.0,CornerVorticityReferenceL2Norm,ref,BL,0.16300338183840116,0.04932383682506224,30
19.1,CornerVorticityReferenceL2Norm,ref,BL,0.16289017274975776,0.049277850224574773,30
19.200000000000003,CornerVorticityReferenceL2Norm,ref,BL,0.16276763329903285,0.04927118308419379,30
19.3,CornerVorticityReferenceL2Norm,ref,BL,0.1626376507182916,0.0492919474174685,30
19.400000000000002,CornerVorticityReferenceL2Norm,ref,BL,0.16250150501728058,0.049309769972857034,30
19.5,CornerVorticityReferenceL2Norm,ref,BL,0.16235706011454265,0.049292386891580525,30
19.6,CornerVorticityReferenceL2Norm,ref,BL,0.1621995359659195,0.049226534263809456,30
19.700000000000003,CornerVorticityReferenceL2Norm,ref,BL,0.1620259533325831,0.04912709822855076,30
19.8,CornerVorticityReferenceL2Norm,ref,BL,0.16184041971961657,0.04902635387575747,30
19.900000000000002,CornerVorticityReferenceL2Norm,ref,BL,0.16165559366345406,0.048952140219996776,30
20.0,CornerVorticityReferenceL2Norm,ref,BL,0.16148842175801595,0.048911698331885564,30
20.1,CornerVorticityReferenceL2Norm,ref,BL,0.1613534892598788,0.04889144538951727,30
20.200000000000003,CornerVorticityReferenceL2Norm,ref,BL,0.16125903328259786,0.04887039103241734,30
20.3,CornerVorticityReferenceL2Norm,ref,BL,0.16120696812868118,0.0488365881136672,30
20.400000000000002,CornerVorticityReferenceL2Norm,ref,BL,0.16119476780295372,0.04879571089160813,30
20.5,CornerVorticityReferenceL2Norm,ref,BL,0.16121730307737986,0.04876655265550284,30
20.6,CornerVorticityReferenceL2Norm,ref,BL,0.16126767645279566,0.04876778761025397,30
20.700000000000003,CornerVorticityReferenceL2Norm,ref,BL,0.16133699988325437,0.04880716954500613,30
20.8,CornerVorticityReferenceL2Norm,ref,BL,0.1614157572388649,0.048881237914376506,30
20.900000000000002,CornerVorticityReferenceL2Norm,ref,BL,0.16149931773543358,0.048982984284818086,30
21.0,CornerVorticityReferenceL2Norm,ref,BL,0.16159427190820377,0.04910783221507483,30
21.1,CornerVorticityReferenceL2Norm,ref,BL,0.16171785841385525,0.04925335271988385,30
21.200000000000003,CornerVorticityReferenceL2Norm,ref,BL,0.16188737824559213,0.04941587869461,30
21.3,CornerVorticityReferenceL2Norm,ref,BL,0.16210625395178796,0.049587524944965725,30
21.400000000000002,CornerVorticityReferenceL2Norm,ref,BL,0.16235724339882532,0.04975558183622309,30
21.5,CornerVorticityReferenceL2Norm,ref,BL,0.16260777289668718,0.04990675886175417,30
21.6,CornerVorticityReferenceL2Norm,ref,BL,0.16282364105184874,0.05003348188157436,30
21.700000000000003,CornerVorticityReferenceL2Norm,ref,BL,0.16298308943708736,0.05013444670999276,30
21.8,CornerVorticityReferenceL2Norm,ref,BL,0.16308301438887915,0.050208874401177266,30
21.900000000000002,CornerVorticityReferenceL2Norm,ref,BL,0.16313431312640508,0.0502531734412534,30
22.0,CornerVorticityReferenceL2Norm,ref,BL,0.16315190568566323,0.05026430314142943,30
22.1,CornerVorticityReferenceL2Norm,ref,BL,0.16314883654316267,0.050245599567392586,30
22.200000000000003,CornerVorticityReferenceL2Norm,ref,BL,0.1631374624868234,0.05020878142951489,30
22.3,CornerVorticityReferenceL2Norm,ref,BL,0.16313266629974046,0.050169760811954935,30
22.400000000000002,CornerVorticityReferenceL2Norm,ref,BL,0.16315057103832561,0.05014022442497207,30
22.5,CornerVorticityReferenceL2Norm,ref,BL,0.16320080161094666,0.05012083327717954,30
22.6,CornerVorticityReferenceL2Norm,ref,BL,0.1632762958606084,0.050101831515189564,30
22.700000000000003,CornerVorticityReferenceL2Norm,ref,BL,0.16334971735874812,0.05007056182849666,30
22.8,CornerVorticityReferenceL2Norm,ref,BL,0.1633837637801965,0.05001927346144883,30
22.900000000000002,CornerVorticityReferenceL2Norm,ref,BL,0.163351501027743,0.049947136169498293,30
23.0,CornerVorticityReferenceL2Norm,ref,BL,0.16325218081474305,0.04985574366769765,30
23.1,CornerVorticityReferenceL2Norm,ref,BL,0.16311070372660955,0.04974368602577158,30
23.200000000000003,CornerVorticityReferenceL2Norm,ref,BL,0.16296237806479136,0.049606782044862234,30
23.3,CornerVorticityReferenceL2Norm,ref,BL,0.1628344123562177,0.049444176636156176,30
23.400000000000002,CornerVorticityReferenceL2Norm,ref,BL,0.1627349078655243,0.04926545102236866,30
23.5,CornerVorticityReferenceL2Norm,ref,BL,0.16265572533011435,0.04909291953281744,30
23.6,CornerVorticityReferenceL2Norm,ref,BL,0.16258693759640058,0.04895550522160668,30
23.700000000000003,CornerVorticityReferenceL2Norm,ref,BL,0.16253006880482038,0.048876424573870085,30
23.8,CornerVorticityReferenceL2Norm,ref,BL,0.1624971327682336,0.04886236827583082,30
23.900000000000002,CornerVorticityReferenceL2Norm,ref,BL,0.16249746605753898,0.048901708814207946,30
24.0,CornerVorticityReferenceL2Norm,ref,BL,0.16252663681904475,0.04897259214255145,30
24.1,CornerVorticityReferenceL2Norm,ref,BL,0.16256784796714782,0.04905520885914294,30
24.200000000000003,CornerVorticityReferenceL2Norm,ref,BL,0.16260300079981485,0.04913963838283496,30
24.3,CornerVorticityReferenceL2Norm,ref,BL,0.16262302349011104,0.04922433970983708,30
24.400000000000002,CornerVorticityReferenceL2Norm,ref,BL,0.1626295415063699,0.04930892000095527,30
24.5,CornerVorticityReferenceL2Norm,ref,BL,0.16262808591127395,0.04939023898581449,30
24.6,CornerVorticityReferenceL2Norm,ref,BL,0.16261951128641763,0.04946539681440417,30
24.700000000000003,CornerVorticityReferenceL2Norm,ref,BL,0.16259754151105882,0.049536732614613464,30
24.8,CornerVorticityReferenceL2Norm,ref,BL,0.16255560169617336,0.04961240709640604,30
24.900000000000002,CornerVorticityReferenceL2Norm,ref,BL,0.1624976786474387,0.049700755345646795,30
25.0,CornerVorticityReferenceL2Norm,ref,BL,0.16244222248593967,0.04980187380003186,30
25.1,CornerVorticityReferenceL2Norm,ref,BL,0.16241261586546898,0.0499029588438703,30
25.200000000000003,CornerVorticityReferenceL2Norm,ref,BL,0.16242000634471576,0.04998253979582691,30
25.3,CornerVorticityReferenceL2Norm,ref,BL,0.16245209152499834,0.050022136060317614,30
25.400000000000002,CornerVorticityReferenceL2Norm,ref,BL,0.16247733434041342,0.050016723398128335,30
25.5,CornerVorticityReferenceL2Norm,ref,BL,0.16246283029516537,0.04997507305268911,30
25.6,CornerVorticityReferenceL2Norm,ref,BL,0.162394214173158,0.04991015310624943,30
25.700000000000003,CornerVorticityReferenceL2Norm,ref,BL,0.16228425254424414,0.04982985282521996,30
25.8,CornerVorticityReferenceL2Norm,ref,BL,0.16216465284427006,0.04973677519342239,30
25.900000000000002,CornerVorticityReferenceL2Norm,ref,BL,0.16206719453136126,0.04963549159451848,30
26.0,CornerVorticityReferenceL2Norm,ref,BL,0.1620066833992799,0.049537847468496245,30
26.1,CornerVorticityReferenceL2Norm,ref,BL,0.16197753101587295,0.0494593103238774,30
26.200000000000003,CornerVorticityReferenceL2Norm,ref,BL,0.16196548814574876,0.04940878183539394,30
26.3,CornerVorticityReferenceL2Norm,ref,BL,0.1619627152880033,0.04938199183769727,30
26.400000000000002,CornerVorticityReferenceL2Norm,ref,BL,0.16197269211212795,0.049364597952705105,30
26.5,CornerVorticityReferenceL2Norm,ref,BL,0.16200345506270727,0.049342063168961996,30
26.6,CornerVorticityReferenceL2Norm,ref,BL,0.16205745935440063,0.049309184435658314,30
26.700000000000003,CornerVorticityReferenceL2Norm,ref,BL,0.16212676639358203,0.04927376389157227,30
26.8,CornerVorticityReferenceL2Norm,ref,BL,0.1621978575984637,0.04925093511132348,30
26.900000000000002,CornerVorticityReferenceL2Norm,ref,BL,0.16226260562737782,0.049250981853038216,30
27.0,CornerVorticityReferenceL2Norm,ref,BL,0.16232525209585827,0.049271274761895016,30
27.1,CornerVorticityReferenceL2Norm,ref,BL,0.16239816894133885,0.049299818633657566,30
27.200000000000003,CornerVorticityReferenceL2Norm,ref,BL,0.16249034677942595,0.04932585652488848,30
27.3,CornerVorticityReferenceL2Norm,ref,BL,0.16259969199697177,0.04934709395086707,30
27.400000000000002,CornerVorticityReferenceL2Norm,ref,BL,0.1627149137357871,0.04936833443910466,30
27.5,CornerVorticityReferenceL2Norm,ref,BL,0.16282375156879425,0.049394126805602984,30
27.6,CornerVorticityReferenceL2Norm,ref,BL,0.1629200537999471,0.049421336013665156,30
27.700000000000003,CornerVorticityReferenceL2Norm,ref,BL,0.16300386115908622,0.04943781619310097,30
27.8,CornerVorticityReferenceL2Norm,ref,BL,0.1630743054052194,0.0494289554963351,30
27.900000000000002,CornerVorticityReferenceL2Norm,ref,BL,0.16312249998251596,0.04938719083633024,30
28.0,CornerVorticityReferenceL2Norm,ref,BL,0.16313334926962852,0.04931632993015731,30
28.1,CornerVorticityReferenceL2Norm,ref,BL,0.16309695318341255,0.04922761486705001,30
28.200000000000003,CornerVorticityReferenceL2Norm,ref,BL,0.1630206679304441,0.04913358858229153,30
28.3,CornerVorticityReferenceL2Norm,ref,BL,0.16293182596564293,0.049046718005642934,30
28.400000000000002,CornerVorticityReferenceL2Norm,ref,BL,0.1628672276933988,0.04898231535071831,30
28.5,CornerVorticityReferenceL2Norm,ref,BL,0.16285483042399088,0.04895908943119801,30
28.6,CornerVorticityReferenceL2Norm,ref,BL,0.1629002439479033,0.048993708286157914,30
28.700000000000003,CornerVorticityReferenceL2Norm,ref,BL,0.16298808033267656,0.0490921380173556,30
28.8,CornerVorticityReferenceL2Norm,ref,BL,0.16309535056352614,0.04924318447734663,30
28.900000000000002,CornerVorticityReferenceL2Norm,ref,BL,0.16320454080899557,0.049419881604077356,30
29.0,CornerVorticityReferenceL2Norm,ref,BL,0.16330757960677147,0.04959047839141715,30
29.1,CornerVorticityReferenceL2Norm,ref,BL,0.16340057601531346,0.049733378226329394,30
29.200000000000003,CornerVorticityReferenceL2Norm,ref,BL,0.16347525318463643,0.049845653886143815,30
29.3,CornerVorticityReferenceL2Norm,ref,BL,0.16351668586333593,0.0499388189207835,30
29.400000000000002,CornerVorticityReferenceL2Norm,ref,BL,0.1635121375322342,0.05002530445458553,30
29.5,CornerVorticityReferenceL2Norm,ref,BL,0.16346312835812568,0.050106867905063815,30
29.6,CornerVorticityReferenceL2Norm,ref,BL,0.1633879395822684,0.05017338356463932,30
29.700000000000003,CornerVorticityReferenceL2Norm,ref,BL,0.1633108951151371,0.05021093830973279,30
29.8,CornerVorticityReferenceL2Norm,ref,BL,0.16324651564160983,0.05021230505690631,30
29.900000000000002,CornerVorticityReferenceL2Norm,ref,BL,0.16319084440668424,0.05018241361889172,30
30.0,CornerVorticityReferenceL2Norm,ref,BL,0.16312715287009874,0.050134951115831355,30
30.1,CornerVorticityReferenceL2Norm,ref,BL,0.16304133584101996,0.05008259144662848,30
30.200000000000003,CornerVorticityReferenceL2Norm,ref,BL,0.1629340022802353,0.05002902570362017,30
30.3,CornerVorticityReferenceL2Norm,ref,BL,0.1628202125430107,0.04996872156604972,30
30.400000000000002,CornerVorticityReferenceL2Norm,ref,BL,0.16271825631459555,0.049893126768371716,30
30.5,CornerVorticityReferenceL2Norm,ref,BL,0.1626359221835931,0.04979806550808375,30
30.6,CornerVorticityReferenceL2Norm,ref,BL,0.16256462136904398,0.04968686864551724,30
30.700000000000003,CornerVorticityReferenceL2Norm,ref,BL,0.16248657256364823,0.049566830068022594,30
30.8,CornerVorticityReferenceL2Norm,ref,BL,0.1623889038960139,0.049443099820644675,30
30.900000000000002,CornerVorticityReferenceL2Norm,ref,BL,0.16227277591824532,0.049316532368552636,30
31.0,CornerVorticityReferenceL2Norm,ref,BL,0.1621514690419038,0.049187039743215234,30
31.1,CornerVorticityReferenceL2Norm,ref,BL,0.16204051102201145,0.04905854589459125,30
31.200000000000003,CornerVorticityReferenceL2Norm,ref,BL,0.16194842408100765,0.048941061510804455,30
31.3,CornerVorticityReferenceL2Norm,ref,BL,0.16187530010938644,0.04884729203746922,30
31.400000000000002,CornerVorticityReferenceL2Norm,ref,BL,0.1618183652559916,0.048785566645667175,30
31.5,CornerVorticityReferenceL2Norm,ref,BL,0.16177694673339527,0.04875479847578767,30
31.6,CornerVorticityReferenceL2Norm,ref,BL,0.16175209109981856,0.048746263757026925,30
31.700000000000003,CornerVorticityReferenceL2Norm,ref,BL,0.16174245898922285,0.048750694230967506,30
31.8,CornerVorticityReferenceL2Norm,ref,BL,0.1617420308291912,0.04876456455922457,30
31.900000000000002,CornerVorticityReferenceL2Norm,ref,BL,0.16174363469084105,0.04879031150942419,30
32.0,CornerVorticityReferenceL2Norm,ref,BL,0.16174632633725802,0.04883077241661719,30
32.1,CornerVorticityReferenceL2Norm,ref,BL,0.16175956403215727,0.04888286151312131,30
32.2,CornerVorticityReferenceL2Norm,ref,BL,0.16179933448632558,0.04893607059015408,30
32.300000000000004,CornerVorticityReferenceL2Norm,ref,BL,0.16187814126412073,0.04897776617289062,30
32.4,CornerVorticityReferenceL2Norm,ref,BL,0.1619955778121948,0.04900234253691601,30
32.5,CornerVorticityReferenceL2Norm,ref,BL,0.16213670869668326,0.04901693694620515,30
32.6,CornerVorticityReferenceL2Norm,ref,BL,0.162280626843373,0.04903783971309797,30
32.7,CornerVorticityReferenceL2Norm,ref,BL,0.16241281628608703,0.04908006391319025,30
32.800000000000004,CornerVorticityReferenceL2Norm,ref,BL,0.16253205587466557,0.049147843761218175,30
32.9,CornerVorticityReferenceL2Norm,ref,BL,0.1626483934621016,0.049232374161830926,30
33.0,CornerVorticityReferenceL2Norm,ref,BL,0.16277499968806902,0.04931843350007812,30
33.1,CornerVorticityReferenceL2Norm,ref,BL,0.16291922306021053,0.049395367982845745,30
33.2,CornerVorticityReferenceL2Norm,ref,BL,0.16307831257581712,0.049464253787544626,30
33.300000000000004,CornerVorticityReferenceL2Norm,ref,BL,0.16324234505494437,0.04953659656978846,30
33.4,CornerVorticityReferenceL2Norm,ref,BL,0.1634012428422769,0.0496267426274582,30
33.5,CornerVorticityReferenceL2Norm,ref,BL,0.16355008805791538,0.04974275390798332,30
33.6,CornerVorticityReferenceL2Norm,ref,BL,0.16368934313456218,0.04988076569615464,30
33.7,CornerVorticityReferenceL2Norm,ref,BL,0.16382016614079475,0.050025669826470914,30
33.800000000000004,CornerVorticityReferenceL2Norm,ref,BL,0.16393954778711,0.050156752529223275,30
33.9,CornerVorticityReferenceL2Norm,ref,BL,0.16403954550623895,0.050254686366352073,30
34.0,CornerVorticityReferenceL2Norm,ref,BL,0.16410914907852808,0.05030851018000375,30
34.1,CornerVorticityReferenceL2Norm,ref,BL,0.16413567091027895,0.05032030032084702,30
34.2,CornerVorticityReferenceL2Norm,ref,BL,0.16410718038678168,0.05030358433740903,30
34.300000000000004,CornerVorticityReferenceL2Norm,ref,BL,0.16401789883772533,0.05027610102552483,30
34.4,CornerVorticityReferenceL2Norm,ref,BL,0.16387329573432605,0.05025176865424183,30
34.5,CornerVorticityReferenceL2Norm,ref,BL,0.16369123682379721,0.05023508069836526,30
34.6,CornerVorticityReferenceL2Norm,ref,BL,0.16349819724758466,0.050219360156205504,30
34.7,CornerVorticityReferenceL2Norm,ref,BL,0.16332064295808474,0.05019038931649012,30
34.800000000000004,CornerVorticityReferenceL2Norm,ref,BL,0.16317432448267938,0.05013447643347901,30
34.9,CornerVorticityReferenceL2Norm,ref,BL,0.16305841207504274,0.05004615833071392,30
35.0,CornerVorticityReferenceL2Norm,ref,BL,0.16295955826838812,0.04993117402204314,30
35.1,CornerVorticityReferenceL2Norm,ref,BL,0.1628631884853045,0.049803307986377165,30
35.2,CornerVorticityReferenceL2Norm,ref,BL,0.16276381115118663,0.049676547386028384,30
35.300000000000004,CornerVorticityReferenceL2Norm,ref,BL,0.16266728738943736,0.04955704605695857,30
35.4,CornerVorticityReferenceL2Norm,ref,BL,0.16258405447006224,0.04944039027127435,30
35.5,CornerVorticityReferenceL2Norm,ref,BL,0.1625188857316971,0.04931645950097032,30
35.6,CornerVorticityReferenceL2Norm,ref,BL,0.16246577873826026,0.04917929879515314,30
35.7,CornerVorticityReferenceL2Norm,ref,BL,0.1624130792915821,0.04903615133233899,30
35.800000000000004,CornerVorticityReferenceL2Norm,ref,BL,0.16235509887337685,0.04890973859648939,30
35.9,CornerVorticityReferenceL2Norm,ref,BL,0.1623005340496699,0.04883142674428273,30
36.0,CornerVorticityReferenceL2Norm,ref,BL,0.16227011183897655,0.048827565151601714,30
36.1,CornerVorticityReferenceL2Norm,ref,BL,0.16228394682208697,0.048905105434262526,30
36.2,CornerVorticityReferenceL2Norm,ref,BL,0.16234661092360814,0.04904458975088937,30
36.300000000000004,CornerVorticityReferenceL2Norm,ref,BL,0.16244105299313863,0.04920649944522929,30
36.4,CornerVorticityReferenceL2Norm,ref,BL,0.16253727450966834,0.04934910455213871,30
36.5,CornerVorticityReferenceL2Norm,ref,BL,0.16260936756928762,0.04944741512136833,30
36.6,CornerVorticityReferenceL2Norm,ref,BL,0.16264811605215074,0.04950127490252146,30
36.7,CornerVorticityReferenceL2Norm,ref,BL,0.16266197388370832,0.0495288970449175,30
36.800000000000004,CornerVorticityReferenceL2Norm,ref,BL,0.16266771256923676,0.04955259597292897,30
36.9,CornerVorticityReferenceL2Norm,ref,BL,0.16267678439617156,0.04958638662113425,30
37.0,CornerVorticityReferenceL2Norm,ref,BL,0.16268657917777699,0.04963024382405913,30
37.1,CornerVorticityReferenceL2Norm,ref,BL,0.16268309603134792,0.0496718207549014,30
37.2,CornerVorticityReferenceL2Norm,ref,BL,0.1626518463095029,0.049695185652026706,30
37.300000000000004,CornerVorticityReferenceL2Norm,ref,BL,0.16258786444862683,0.049691427366606526,30
37.4,CornerVorticityReferenceL2Norm,ref,BL,0.16249919310212135,0.04966278836239524,30
37.5,CornerVorticityReferenceL2Norm,ref,BL,0.1624032420416673,0.04961760962827365,30
37.6,CornerVorticityReferenceL2Norm,ref,BL,0.16231893772880238,0.04956174574024566,30
37.7,CornerVorticityReferenceL2Norm,ref,BL,0.1622602624197801,0.04949373987833592,30
37.800000000000004,CornerVorticityReferenceL2Norm,ref,BL,0.1622351365784804,0.0494080567868839,30
37.9,CornerVorticityReferenceL2Norm,ref,BL,0.16224741985400518,0.04930580065820533,30
38.0,CornerVorticityReferenceL2Norm,ref,BL,0.1622975264986356,0.049204420869008475,30
38.1,CornerVorticityReferenceL2Norm,ref,BL,0.16238145331541698,0.04913599252738409,30
38.2,CornerVorticityReferenceL2Norm,ref,BL,0.16249051317572594,0.04913253934771009,30
38.300000000000004,CornerVorticityReferenceL2Norm,ref,BL,0.16261273473501206,0.04920693663609028,30
38.400000000000006,CornerVorticityReferenceL2Norm,ref,BL,0.16273512691259384,0.049341431417613664,30
38.5,CornerVorticityReferenceL2Norm,ref,BL,0.16284559071063995,0.04949242863237884,30
38.6,CornerVorticityReferenceL2Norm,ref,BL,0.16293401022752127,0.049610191556337085,30
38.7,CornerVorticityReferenceL2Norm,ref,BL,0.16299272701144218,0.049661340568158796,30
38.800000000000004,CornerVorticityReferenceL2Norm,ref,BL,0.16301684826612473,0.049640189786566744,30
38.900000000000006,CornerVorticityReferenceL2Norm,ref,BL,0.16300548141201338,0.04956377598376171,30
39.0,CornerVorticityReferenceL2Norm,ref,BL,0.16296400899688404,0.049457282453154616,30
39.1,CornerVorticityReferenceL2Norm,ref,BL,0.16290522813796998,0.04934264106112131,30
39.2,CornerVorticityReferenceL2Norm,ref,BL,0.16284607475002608,0.04923687059041774,30
39.300000000000004,CornerVorticityReferenceL2Norm,ref,BL,0.16280031725764274,0.04915547394672566,30
39.400000000000006,CornerVorticityReferenceL2Norm,ref,BL,0.1627725136776765,0.04911296056827781,30
39.5,CornerVorticityReferenceL2Norm,ref,BL,0.16275794381896655,0.04911816933644832,30
39.6,CornerVorticityReferenceL2Norm,ref,BL,0.16274857843915622,0.049168575310046585,30
39.7,CornerVorticityReferenceL2Norm,ref,BL,0.16274089167515438,0.0492494315789719,30
39.800000000000004,CornerVorticityReferenceL2Norm,ref,BL,0.16273968815803527,0.0493405341883307,30
39.900000000000006,CornerVorticityReferenceL2Norm,ref,BL,0.1627542942762375,0.049426413762668826,30
40.0,CornerVorticityReferenceL2Norm,ref,BL,0.1627896043161551,0.04950204084053637,30
0.1,CornerVorticityReferenceL2Norm,ref,BR,0.27817444801330565,0.08131922910528269,30
0.2,CornerVorticityReferenceL2Norm,ref,BR,0.27801069170236586,0.08117733172866098,30
0.30000000000000004,CornerVorticityReferenceL2Norm,ref,BR,0.2782265290617943,0.08142270919375577,30
0.4,CornerVorticityReferenceL2Norm,ref,BR,0.27874611169099806,0.08187129343899965,30
0.5,CornerVorticityReferenceL2Norm,ref,BR,0.27941428273916247,0.08224900447095967,30
0.6000000000000001,CornerVorticityReferenceL2Norm,ref,BR,0.28013467490673066,0.08231490871908147,30
0.7000000000000001,CornerVorticityReferenceL2Norm,ref,BR,0.2809481268127759,0.0820122143442353,30
0.8,CornerVorticityReferenceL2Norm,ref,BR,0.2819288343191147,0.08151644643323014,30
0.9,CornerVorticityReferenceL2Norm,ref,BR,0.2830398748318354,0.08109379141509021,30
1.0,CornerVorticityReferenceL2Norm,ref,BR,0.2841197947661082,0.08089551465863803,30
1.1,CornerVorticityReferenceL2Norm,ref,BR,0.28506806343793867,0.08096381760704553,30
1.2000000000000002,CornerVorticityReferenceL2Norm,ref,BR,0.2859379117687543,0.0813385455723358,30
1.3,CornerVorticityReferenceL2Norm,ref,BR,0.2867721488078435,0.08199386573602761,30
1.4000000000000001,CornerVorticityReferenceL2Norm,ref,BR,0.28757280061642326,0.0828655436733715,30
1.5,CornerVorticityReferenceL2Norm,ref,BR,0.2883711422483126,0.08400086920807735,30
1.6,CornerVorticityReferenceL2Norm,ref,BR,0.28904788146416344,0.0853923759677467,30
1.7000000000000002,CornerVorticityReferenceL2Norm,ref,BR,0.2893688534696897,0.08680838124008788,30
1.8,CornerVorticityReferenceL2Norm,ref,BR,0.2891971399386724,0.0879709245052005,30
1.9000000000000001,CornerVorticityReferenceL2Norm,ref,BR,0.28848711848258973,0.08861742748624082,30
2.0,CornerVorticityReferenceL2Norm,ref,BR,0.2872578799724579,0.08854420282786218,30
2.1,CornerVorticityReferenceL2Norm,ref,BR,0.28561933437983195,0.08774408193223035,30
2.2,CornerVorticityReferenceL2Norm,ref,BR,0.2837584485610326,0.08638903374879535,30
2.3000000000000003,CornerVorticityReferenceL2Norm,ref,BR,0.28190786987543104,0.08472399721417236,30
2.4000000000000004,CornerVorticityReferenceL2Norm,ref,BR,0.2803502450386683,0.08304856258064175,30
2.5,CornerVorticityReferenceL2Norm,ref,BR,0.27942381948232653,0.08175531421767772,30
2.6,CornerVorticityReferenceL2Norm,ref,BR,0.2792999615271886,0.0811465813398255,30
2.7,CornerVorticityReferenceL2Norm,ref,BR,0.27982050776481626,0.08122951274414071,30
2.8000000000000003,CornerVorticityReferenceL2Norm,ref,BR,0.28075911502043405,0.08190493829583523,30
2.9000000000000004,CornerVorticityReferenceL2Norm,ref,BR,0.2818945993979772,0.0830029474865249,30
3.0,CornerVorticityReferenceL2Norm,ref,BR,0.2829132114847501,0.08410936986423172,30
3.1,CornerVorticityReferenceL2Norm,ref,BR,0.2835497458775838,0.08478769626251496,30
3.2,CornerVorticityReferenceL2Norm,ref,BR,0.28375400056441624,0.08490534705646059,30
3.3000000000000003,CornerVorticityReferenceL2Norm,ref,BR,0.2836545725663503,0.08458681373533604,30
3.4000000000000004,CornerVorticityReferenceL2Norm,ref,BR,0.2834280515710513,0.08400933796702885,30
3.5,CornerVorticityReferenceL2Norm,ref,BR,0.28320432056983313,0.08332442372182622,30
3.6,CornerVorticityReferenceL2Norm,ref,BR,0.2830569838484128,0.08268933035661274,30
3.7,CornerVorticityReferenceL2Norm,ref,BR,0.28306920528411866,0.08230751166998844,30
3.8000000000000003,CornerVorticityReferenceL2Norm,ref,BR,0.2833597401777903,0.08239626908655945,30
3.9000000000000004,CornerVorticityReferenceL2Norm,ref,BR,0.2839841405550639,0.08305273412110102,30
4.0,CornerVorticityReferenceL2Norm,ref,BR,0.28487716913223265,0.08419416538905504,30
4.1000000000000005,CornerVorticityReferenceL2Norm,ref,BR,0.2858850459257762,0.08562553823759314,30
4.2,CornerVorticityReferenceL2Norm,ref,BR,0.2868179947137833,0.08707906063093808,30
4.3,CornerVorticityReferenceL2Norm,ref,BR,0.2875184590617816,0.08828575539932673,30
4.4,CornerVorticityReferenceL2Norm,ref,BR,0.2879181856910388,0.08909289481838625,30
4.5,CornerVorticityReferenceL2Norm,ref,BR,0.2880365401506424,0.0894793436160474,30
4.6000000000000005,CornerVorticityReferenceL2Norm,ref,BR,0.28789968192577364,0.0894607792454476,30
4.7,CornerVorticityReferenceL2Norm,ref,BR,0.2875298256675402,0.08905622165579243,30
4.800000000000001,CornerVorticityReferenceL2Norm,ref,BR,0.2869732772310575,0.08830381959066763,30
4.9,CornerVorticityReferenceL2Norm,ref,BR,0.28624421457449595,0.08721149826048812,30
5.0,CornerVorticityReferenceL2Norm,ref,BR,0.2853104213873545,0.08575262254920615,30
5.1000000000000005,CornerVorticityReferenceL2Norm,ref,BR,0.28415774007638295,0.08395520581385285,30
5.2,CornerVorticityReferenceL2Norm,ref,BR,0.28282871494690576,0.08195007153570028,30
5.300000000000001,CornerVorticityReferenceL2Norm,ref,BR,0.2814065213004748,0.07993118115702369,30
5.4,CornerVorticityReferenceL2Norm,ref,BR,0.2799882049361865,0.0780966822529502,30
5.5,CornerVorticityReferenceL2Norm,ref,BR,0.27868261535962424,0.0766266012158381,30
5.6000000000000005,CornerVorticityReferenceL2Norm,ref,BR,0.2775879000624021,0.07563525367839777,30
5.7,CornerVorticityReferenceL2Norm,ref,BR,0.2767528757452965,0.07511557060932544,30
5.800000000000001,CornerVorticityReferenceL2Norm,ref,BR,0.27620104054609934,0.07498796804651472,30
5.9,CornerVorticityReferenceL2Norm,ref,BR,0.2759466956059138,0.07512894019934767,30
6.0,CornerVorticityReferenceL2Norm,ref,BR,0.2759803369641304,0.07537700472035408,30
6.1000000000000005,CornerVorticityReferenceL2Norm,ref,BR,0.27627778649330137,0.07564908657561542,30
6.2,CornerVorticityReferenceL2Norm,ref,BR,0.2768183017770449,0.07603440396664235,30
6.300000000000001,CornerVorticityReferenceL2Norm,ref,BR,0.2775818531711896,0.07669385884100496,30
6.4,CornerVorticityReferenceL2Norm,ref,BR,0.27856209526459375,0.07769127543995451,30
6.5,CornerVorticityReferenceL2Norm,ref,BR,0.2797794530789057,0.07895065017077892,30
6.6000000000000005,CornerVorticityReferenceL2Norm,ref,BR,0.28117032051086427,0.08032296308285475,30
6.7,CornerVorticityReferenceL2Norm,ref,BR,0.2825172195831935,0.08164705619656581,30
6.800000000000001,CornerVorticityReferenceL2Norm,ref,BR,0.283608799179395,0.08280058508293853,30
6.9,CornerVorticityReferenceL2Norm,ref,BR,0.2843685711423556,0.08375554144300876,30
7.0,CornerVorticityReferenceL2Norm,ref,BR,0.28481843570868176,0.08454432401852015,30
7.1000000000000005,CornerVorticityReferenceL2Norm,ref,BR,0.2850303833683332,0.08519135300474115,30
7.2,CornerVorticityReferenceL2Norm,ref,BR,0.2851254388689995,0.08570877345389417,30
7.300000000000001,CornerVorticityReferenceL2Norm,ref,BR,0.28525157819191616,0.08611955942194957,30
7.4,CornerVorticityReferenceL2Norm,ref,BR,0.28552148391803106,0.08645501757093935,30
7.5,CornerVorticityReferenceL2Norm,ref,BR,0.2859592854976654,0.08673202095925463,30
7.6000000000000005,CornerVorticityReferenceL2Norm,ref,BR,0.2865061014890671,0.08694763325858086,30
7.7,CornerVorticityReferenceL2Norm,ref,BR,0.2870787099003792,0.08709212389063957,30
7.800000000000001,CornerVorticityReferenceL2Norm,ref,BR,0.2876158555348714,0.08715906356152094,30
7.9,CornerVorticityReferenceL2Norm,ref,BR,0.28806730508804324,0.08715621452503444,30
8.0,CornerVorticityReferenceL2Norm,ref,BR,0.288372732202212,0.08710406910196895,30
8.1,CornerVorticityReferenceL2Norm,ref,BR,0.28848844915628435,0.08702768398006859,30
8.200000000000001,CornerVorticityReferenceL2Norm,ref,BR,0.28841655602057775,0.08694389652126254,30
8.3,CornerVorticityReferenceL2Norm,ref,BR,0.2881907517711321,0.08684826936406723,30
8.4,CornerVorticityReferenceL2Norm,ref,BR,0.287845641374588,0.08672436432650295,30
8.5,CornerVorticityReferenceL2Norm,ref,BR,0.28740033010641736,0.0865539609665474,30
8.6,CornerVorticityReferenceL2Norm,ref,BR,0.2868729482094447,0.08633598960298387,30
8.700000000000001,CornerVorticityReferenceL2Norm,ref,BR,0.2863026405374209,0.08610237072431716,30
8.8,CornerVorticityReferenceL2Norm,ref,BR,0.2857387269536654,0.08589019046980526,30
8.9,CornerVorticityReferenceL2Norm,ref,BR,0.2852210164070129,0.08572096284387985,30
9.0,CornerVorticityReferenceL2Norm,ref,BR,0.2847625652949015,0.08561080343942899,30
9.1,CornerVorticityReferenceL2Norm,ref,BR,0.2843378861745199,0.08556098217338372,30
9.200000000000001,CornerVorticityReferenceL2Norm,ref,BR,0.28390907297531764,0.08553418148306699,30
9.3,CornerVorticityReferenceL2Norm,ref,BR,0.2834618717432022,0.08546378108929463,30
9.4,CornerVorticityReferenceL2Norm,ref,BR,0.28301307260990144,0.0852882494803993,30
9.5,CornerVorticityReferenceL2Norm,ref,BR,0.28258926669756573,0.08495153950695238,30
9.600000000000001,CornerVorticityReferenceL2Norm,ref,BR,0.282216868797938,0.0844026683774378,30
9.700000000000001,CornerVorticityReferenceL2Norm,ref,BR,0.2819249505798022,0.08363926176882082,30
9.8,CornerVorticityReferenceL2Norm,ref,BR,0.28170571227868396,0.08270199203850451,30
9.9,CornerVorticityReferenceL2Norm,ref,BR,0.2815523574749629,0.08166907121821149,30
10.0,CornerVorticityReferenceL2Norm,ref,BR,0.2815213029583295,0.08068182162261306,30
10.100000000000001,CornerVorticityReferenceL2Norm,ref,BR,0.28161673843860624,0.07984116561549728,30
10.200000000000001,CornerVorticityReferenceL2Norm,ref,BR,0.28178099244832994,0.0791829355900665,30
10.3,CornerVorticityReferenceL2Norm,ref,BR,0.281975631415844,0.07874689473264909,30
10.4,CornerVorticityReferenceL2Norm,ref,BR,0.28213087767362593,0.07848104821168887,30
10.5,CornerVorticityReferenceL2Norm,ref,BR,0.2821683739622434,0.07824276238337592,30
10.600000000000001,CornerVorticityReferenceL2Norm,ref,BR,0.2821157659093539,0.07801347974134659,30
10.700000000000001,CornerVorticityReferenceL2Norm,ref,BR,0.2821149706840515,0.07797300077943346,30
10.8,CornerVorticityReferenceL2Norm,ref,BR,0.2823060522476832,0.07835079231331518,30
10.9,CornerVorticityReferenceL2Norm,ref,BR,0.28273712694644926,0.07926209043888303,30
11.0,CornerVorticityReferenceL2Norm,ref,BR,0.28338467826445896,0.08065631157684451,30
11.100000000000001,CornerVorticityReferenceL2Norm,ref,BR,0.28416200627883276,0.08233304932689327,30
11.200000000000001,CornerVorticityReferenceL2Norm,ref,BR,0.28490275094906486,0.08400210217064011,30
11.3,CornerVorticityReferenceL2Norm,ref,BR,0.2854205201069514,0.0853892847047201,30
11.4,CornerVorticityReferenceL2Norm,ref,BR,0.28559089501698814,0.0863073600157488,30
11.5,CornerVorticityReferenceL2Norm,ref,BR,0.2853865365187327,0.08669221965730253,30
11.600000000000001,CornerVorticityReferenceL2Norm,ref,BR,0.284862228234609,0.0866157301245091,30
11.700000000000001,CornerVorticityReferenceL2Norm,ref,BR,0.2841183548172315,0.08625155075601598,30
11.8,CornerVorticityReferenceL2Norm,ref,BR,0.2832868764797846,0.08581776760615212,30
11.9,CornerVorticityReferenceL2Norm,ref,BR,0.28254310339689254,0.08553806602136536,30
12.0,CornerVorticityReferenceL2Norm,ref,BR,0.2820038805405299,0.08552385176822594,30
12.100000000000001,CornerVorticityReferenceL2Norm,ref,BR,0.2816421384612719,0.08571447903195992,30
12.200000000000001,CornerVorticityReferenceL2Norm,ref,BR,0.28139568169911705,0.08600687430708126,30
12.3,CornerVorticityReferenceL2Norm,ref,BR,0.2811838095386823,0.08626189039732776,30
12.4,CornerVorticityReferenceL2Norm,ref,BR,0.28088814864555994,0.08625110342307327,30
12.5,CornerVorticityReferenceL2Norm,ref,BR,0.28047497719526293,0.0857935018000555,30
12.600000000000001,CornerVorticityReferenceL2Norm,ref,BR,0.2801137387752533,0.08491765703664104,30
12.700000000000001,CornerVorticityReferenceL2Norm,ref,BR,0.2801177834471067,0.083857388136336,30
12.8,CornerVorticityReferenceL2Norm,ref,BR,0.28067222982645035,0.08296553201087745,30
12.9,CornerVorticityReferenceL2Norm,ref,BR,0.281671471397082,0.08254616116434267,30
13.0,CornerVorticityReferenceL2Norm,ref,BR,0.28289399643739066,0.08266375750576481,30
13.100000000000001,CornerVorticityReferenceL2Norm,ref,BR,0.2841596941153208,0.08317217524300838,30
13.200000000000001,CornerVorticityReferenceL2Norm,ref,BR,0.2853366975982984,0.08386987663444649,30
13.3,CornerVorticityReferenceL2Norm,ref,BR,0.2863383506735166,0.08458964589083871,30
13.4,CornerVorticityReferenceL2Norm,ref,BR,0.28710779547691345,0.08518272246493624,30
13.5,CornerVorticityReferenceL2Norm,ref,BR,0.2876156777143478,0.08552436331644148,30
13.600000000000001,CornerVorticityReferenceL2Norm,ref,BR,0.28788064370552696,0.08557554293998915,30
13.700000000000001,CornerVorticityReferenceL2Norm,ref,BR,0.28796394219001137,0.08539552420606818,30
13.8,CornerVorticityReferenceL2Norm,ref,BR,0.2879317884643873,0.08508027835257181,30
13.9,CornerVorticityReferenceL2Norm,ref,BR,0.2877784202496211,0.08467995116349315,30
14.0,CornerVorticityReferenceL2Norm,ref,BR,0.2874390383561452,0.08418731676816452,30
14.100000000000001,CornerVorticityReferenceL2Norm,ref,BR,0.286925075451533,0.08363187117702513,30
14.200000000000001,CornerVorticityReferenceL2Norm,ref,BR,0.2863426685333252,0.08311386101094867,30
14.3,CornerVorticityReferenceL2Norm,ref,BR,0.2858031695087751,0.08271160933035053,30
14.4,CornerVorticityReferenceL2Norm,ref,BR,0.2853936756650607,0.08244031947544816,30
14.5,CornerVorticityReferenceL2Norm,ref,BR,0.28519612501064934,0.08228285206880633,30
14.600000000000001,CornerVorticityReferenceL2Norm,ref,BR,0.2852286850412687,0.08222480086254591,30
14.700000000000001,CornerVorticityReferenceL2Norm,ref,BR,0.2853603298465411,0.08223847980423407,30
14.8,CornerVorticityReferenceL2Norm,ref,BR,0.28541921625534694,0.08223812625006773,30
14.9,CornerVorticityReferenceL2Norm,ref,BR,0.28534934868415196,0.08214208705167252,30
15.0,CornerVorticityReferenceL2Norm,ref,BR,0.285196053981781,0.08195854536104545,30
15.100000000000001,CornerVorticityReferenceL2Norm,ref,BR,0.2850134154160818,0.08178603668209367,30
15.200000000000001,CornerVorticityReferenceL2Norm,ref,BR,0.2848178714513779,0.081732422023704,30
15.3,CornerVorticityReferenceL2Norm,ref,BR,0.28462243974208834,0.08186077385378969,30
15.4,CornerVorticityReferenceL2Norm,ref,BR,0.28448820412158965,0.08219080594883288,30
15.5,CornerVorticityReferenceL2Norm,ref,BR,0.2844872400164604,0.08267514024467021,30
15.600000000000001,CornerVorticityReferenceL2Norm,ref,BR,0.2846367066105207,0.083226643695221,30
15.700000000000001,CornerVorticityReferenceL2Norm,ref,BR,0.284916053712368,0.08379772979193784,30
15.8,CornerVorticityReferenceL2Norm,ref,BR,0.2853306512037913,0.08441178606640184,30
15.9,CornerVorticityReferenceL2Norm,ref,BR,0.2858707735935847,0.08511320345618284,30
16.0,CornerVorticityReferenceL2Norm,ref,BR,0.2864238108197848,0.08586292325007662,30
16.1,CornerVorticityReferenceL2Norm,ref,BR,0.2868156835436821,0.08651045908390731,30
16.2,CornerVorticityReferenceL2Norm,ref,BR,0.2869272376100222,0.08692652876156857,30
16.3,CornerVorticityReferenceL2Norm,ref,BR,0.28668724844853083,0.0870355066855387,30
16.400000000000002,CornerVorticityReferenceL2Norm,ref,BR,0.28603748679161073,0.08677001278059866,30
16.5,CornerVorticityReferenceL2Norm,ref,BR,0.28498210112253824,0.08611821786856902,30
16.6,CornerVorticityReferenceL2Norm,ref,BR,0.2836269785960515,0.08516709263496092,30
16.7,CornerVorticityReferenceL2Norm,ref,BR,0.28216983874638873,0.08407153851313552,30
16.8,CornerVorticityReferenceL2Norm,ref,BR,0.28086548248926796,0.08298943333972247,30
16.900000000000002,CornerVorticityReferenceL2Norm,ref,BR,0.27993544737497966,0.08203999873335904,30
17.0,CornerVorticityReferenceL2Norm,ref,BR,0.27940592765808103,0.08130370198476818,30
17.1,CornerVorticityReferenceL2Norm,ref,BR,0.27908300509055456,0.08076507117606317,30
17.2,CornerVorticityReferenceL2Norm,ref,BR,0.278752875328064,0.08031387311470274,30
17.3,CornerVorticityReferenceL2Norm,ref,BR,0.27833465337753294,0.0798778740846418,30
17.400000000000002,CornerVorticityReferenceL2Norm,ref,BR,0.27788081963857014,0.0794976742083979,30
17.5,CornerVorticityReferenceL2Norm,ref,BR,0.277491395175457,0.07927046242485433,30
17.6,CornerVorticityReferenceL2Norm,ref,BR,0.2772253185510635,0.07924949800022062,30
17.7,CornerVorticityReferenceL2Norm,ref,BR,0.27711457908153536,0.0794297642415264,30
17.8,CornerVorticityReferenceL2Norm,ref,BR,0.2772090201576551,0.07973973869335975,30
17.900000000000002,CornerVorticityReferenceL2Norm,ref,BR,0.2775392885009448,0.07994810523595228,30
18.0,CornerVorticityReferenceL2Norm,ref,BR,0.2780813738703728,0.07984064042874876,30
18.1,CornerVorticityReferenceL2Norm,ref,BR,0.2787331700325012,0.0795059907644272,30
18.2,CornerVorticityReferenceL2Norm,ref,BR,0.279366472363472,0.07917710715761114,30
18.3,CornerVorticityReferenceL2Norm,ref,BR,0.2799241741498311,0.07898187630823861,30
18.400000000000002,CornerVorticityReferenceL2Norm,ref,BR,0.28044499456882477,0.07898253140849257,30
18.5,CornerVorticityReferenceL2Norm,ref,BR,0.2810264627138774,0.07923063690858066,30
18.6,CornerVorticityReferenceL2Norm,ref,BR,0.2817556858062744,0.0797313256859882,30
18.7,CornerVorticityReferenceL2Norm,ref,BR,0.2826136882106463,0.08038863521773706,30
18.8,CornerVorticityReferenceL2Norm,ref,BR,0.2834913377960523,0.08105982143632279,30
18.900000000000002,CornerVorticityReferenceL2Norm,ref,BR,0.28432365953922273,0.08170602291411867,30
19.0,CornerVorticityReferenceL2Norm,ref,BR,0.28511717865864433,0.08241983380460488,30
19.1,CornerVorticityReferenceL2Norm,ref,BR,0.285865451892217,0.08330039019622061,30
19.200000000000003,CornerVorticityReferenceL2Norm,ref,BR,0.28654084404309593,0.08434657608894842,30
19.3,CornerVorticityReferenceL2Norm,ref,BR,0.2871976817647616,0.0855240284601636,30
19.400000000000002,CornerVorticityReferenceL2Norm,ref,BR,0.2879721601804098,0.0868230344774098,30
19.5,CornerVorticityReferenceL2Norm,ref,BR,0.28885861933231355,0.0880961842442875,30
19.6,CornerVorticityReferenceL2Norm,ref,BR,0.28969974716504415,0.08912415948034685,30
19.700000000000003,CornerVorticityReferenceL2Norm,ref,BR,0.2903553644816081,0.08982572666489125,30
19.8,CornerVorticityReferenceL2Norm,ref,BR,0.29069287329912186,0.09017489651360865,30
19.900000000000002,CornerVorticityReferenceL2Norm,ref,BR,0.29061655402183534,0.0901029250698619,30
20.0,CornerVorticityReferenceL2Norm,ref,BR,0.2901740536093712,0.08960858291084854,30
20.1,CornerVorticityReferenceL2Norm,ref,BR,0.28953879376252495,0.08881178792114751,30
20.200000000000003,CornerVorticityReferenceL2Norm,ref,BR,0.28890470663706463,0.08787010431111748,30
20.3,CornerVorticityReferenceL2Norm,ref,BR,0.2884177948037783,0.08690427318439109,30
20.400000000000002,CornerVorticityReferenceL2Norm,ref,BR,0.28814331591129305,0.085976540576047,30
20.5,CornerVorticityReferenceL2Norm,ref,BR,0.28806684613227845,0.08511969586356882,30
20.6,CornerVorticityReferenceL2Norm,ref,BR,0.2881117547551791,0.08436023202843684,30
20.700000000000003,CornerVorticityReferenceL2Norm,ref,BR,0.28816787203152977,0.08370777167431388,30
20.8,CornerVorticityReferenceL2Norm,ref,BR,0.2881361126899719,0.08314490015885484,30
20.900000000000002,CornerVorticityReferenceL2Norm,ref,BR,0.2879400819540024,0.08261513292946246,30
21.0,CornerVorticityReferenceL2Norm,ref,BR,0.28752042949199674,0.08202970949790103,30
21.1,CornerVorticityReferenceL2Norm,ref,BR,0.28684242169062296,0.08129967392479241,30
21.200000000000003,CornerVorticityReferenceL2Norm,ref,BR,0.28590011298656465,0.08035766185101087,30
21.3,CornerVorticityReferenceL2Norm,ref,BR,0.2847203597426414,0.07917822874894336,30
21.400000000000002,CornerVorticityReferenceL2Norm,ref,BR,0.28335974663496016,0.07781031726369823,30
21.5,CornerVorticityReferenceL2Norm,ref,BR,0.2818909719586372,0.07639502151720184,30
21.6,CornerVorticityReferenceL2Norm,ref,BR,0.2804113989075025,0.07514765898760381,30
21.700000000000003,CornerVorticityReferenceL2Norm,ref,BR,0.27908045103152596,0.07432444010602675,30
21.8,CornerVorticityReferenceL2Norm,ref,BR,0.2780575454235077,0.07411566335174388,30
21.900000000000002,CornerVorticityReferenceL2Norm,ref,BR,0.27736166765292486,0.07449629535764474,30
22.0,CornerVorticityReferenceL2Norm,ref,BR,0.2769611234466235,0.07533304957003546,30
22.1,CornerVorticityReferenceL2Norm,ref,BR,0.27684457749128344,0.07653704859361939,30
22.200000000000003,CornerVorticityReferenceL2Norm,ref,BR,0.27693305959304176,0.0779848156043087,30
22.3,CornerVorticityReferenceL2Norm,ref,BR,0.2771208604176839,0.07951471031645015,30
22.400000000000002,CornerVorticityReferenceL2Norm,ref,BR,0.27739690790573757,0.08105678800812625,30
22.5,CornerVorticityReferenceL2Norm,ref,BR,0.27784843842188517,0.08263611010292755,30
22.6,CornerVorticityReferenceL2Norm,ref,BR,0.2785526514053345,0.08425269144521197,30
22.700000000000003,CornerVorticityReferenceL2Norm,ref,BR,0.279470382630825,0.08582857888169282,30
22.8,CornerVorticityReferenceL2Norm,ref,BR,0.28046113848686216,0.08724088877183556,30
22.900000000000002,CornerVorticityReferenceL2Norm,ref,BR,0.2813924933473269,0.08837818523363276,30
23.0,CornerVorticityReferenceL2Norm,ref,BR,0.2822645500302315,0.08921720850012818,30
23.1,CornerVorticityReferenceL2Norm,ref,BR,0.28319184730450314,0.08978930994021608,30
23.200000000000003,CornerVorticityReferenceL2Norm,ref,BR,0.28416528354088466,0.09004740827626881,30
23.3,CornerVorticityReferenceL2Norm,ref,BR,0.2850770806272825,0.08996415214169434,30
23.400000000000002,CornerVorticityReferenceL2Norm,ref,BR,0.2858747273683548,0.08965086115122618,30
23.5,CornerVorticityReferenceL2Norm,ref,BR,0.28649821430444716,0.08917366752457626,30
23.6,CornerVorticityReferenceL2Norm,ref,BR,0.28684958467880883,0.08843437753033538,30
23.700000000000003,CornerVorticityReferenceL2Norm,ref,BR,0.2868756055831909,0.08732721330810435,30
23.8,CornerVorticityReferenceL2Norm,ref,BR,0.2866028964519501,0.0858744371076877,30
23.900000000000002,CornerVorticityReferenceL2Norm,ref,BR,0.28610901137193046,0.08419434145792201,30
24.0,CornerVorticityReferenceL2Norm,ref,BR,0.28549216588338217,0.08243891466688587,30
24.1,CornerVorticityReferenceL2Norm,ref,BR,0.2848439450065295,0.08075365199419175,30
24.200000000000003,CornerVorticityReferenceL2Norm,ref,BR,0.2842332775394122,0.07924784210542521,30
24.3,CornerVorticityReferenceL2Norm,ref,BR,0.2837306415041288,0.07801348121135762,30
24.400000000000002,CornerVorticityReferenceL2Norm,ref,BR,0.2833894774317741,0.07710901738306787,30
24.5,CornerVorticityReferenceL2Norm,ref,BR,0.2831678797801336,0.07651385394977397,30
24.6,CornerVorticityReferenceL2Norm,ref,BR,0.28298922379811603,0.07619279082065979,30
24.700000000000003,CornerVorticityReferenceL2Norm,ref,BR,0.2828577359517415,0.07616589378256408,30
24.8,CornerVorticityReferenceL2Norm,ref,BR,0.28287711888551714,0.07645656871043263,30
24.900000000000002,CornerVorticityReferenceL2Norm,ref,BR,0.28320481777191164,0.07702814945678096,30
25.0,CornerVorticityReferenceL2Norm,ref,BR,0.2839020366470019,0.07784692947121455,30
25.1,CornerVorticityReferenceL2Norm,ref,BR,0.2848794197042783,0.07893394606865062,30
25.200000000000003,CornerVorticityReferenceL2Norm,ref,BR,0.2860050896803538,0.08027192284219363,30
25.3,CornerVorticityReferenceL2Norm,ref,BR,0.2871346483627955,0.08174004187976061,30
25.400000000000002,CornerVorticityReferenceL2Norm,ref,BR,0.2881356005867322,0.08316913612331782,30
25.5,CornerVorticityReferenceL2Norm,ref,BR,0.288943849503994,0.08446784421811526,30
25.6,CornerVorticityReferenceL2Norm,ref,BR,0.2895463466644287,0.08562176361255565,30
25.700000000000003,CornerVorticityReferenceL2Norm,ref,BR,0.28992360780636467,0.08659346898098162,30
25.8,CornerVorticityReferenceL2Norm,ref,BR,0.2900484099984169,0.08732468279298104,30
25.900000000000002,CornerVorticityReferenceL2Norm,ref,BR,0.2898919150233269,0.08776111011278712,30
26.0,CornerVorticityReferenceL2Norm,ref,BR,0.28939525932073595,0.0878186558489487,30
26.1,CornerVorticityReferenceL2Norm,ref,BR,0.28849815924962363,0.08740953837563781,30
26.200000000000003,CornerVorticityReferenceL2Norm,ref,BR,0.2872123767932256,0.08653051076994454,30
26.3,CornerVorticityReferenceL2Norm,ref,BR,0.2856498951713244,0.08529669238265437,30
26.400000000000002,CornerVorticityReferenceL2Norm,ref,BR,0.28398732393980025,0.08389770506525158,30
26.5,CornerVorticityReferenceL2Norm,ref,BR,0.28240847289562226,0.08254071824351435,30
26.6,CornerVorticityReferenceL2Norm,ref,BR,0.2810722018281619,0.08142584263588788,30
26.700000000000003,CornerVorticityReferenceL2Norm,ref,BR,0.2801227892438571,0.0807476189212693,30
26.8,CornerVorticityReferenceL2Norm,ref,BR,0.2796839877963066,0.0806670307220854,30
26.900000000000002,CornerVorticityReferenceL2Norm,ref,BR,0.2797755052646001,0.08120514844821193,30
27.0,CornerVorticityReferenceL2Norm,ref,BR,0.2802845135331154,0.08220863213051474,30
27.1,CornerVorticityReferenceL2Norm,ref,BR,0.28108298728863396,0.08348602529094212,30
27.200000000000003,CornerVorticityReferenceL2Norm,ref,BR,0.2820590565601985,0.08483476657935553,30
27.3,CornerVorticityReferenceL2Norm,ref,BR,0.2830536211530367,0.0859904990818527,30
27.400000000000002,CornerVorticityReferenceL2Norm,ref,BR,0.28389019270737964,0.08674447572367149,30
27.5,CornerVorticityReferenceL2Norm,ref,BR,0.2844565535585086,0.08706518602509693,30
27.6,CornerVorticityReferenceL2Norm,ref,BR,0.2847328613201777,0.08703345587312067,30
27.700000000000003,CornerVorticityReferenceL2Norm,ref,BR,0.284753672281901,0.08671908129091695,30
27.8,CornerVorticityReferenceL2Norm,ref,BR,0.28456323047478993,0.08614695095326294,30
27.900000000000002,CornerVorticityReferenceL2Norm,ref,BR,0.2842130278547605,0.0853454421875671,30
28.0,CornerVorticityReferenceL2Norm,ref,BR,0.2838049734632174,0.08441526262414493,30
28.1,CornerVorticityReferenceL2Norm,ref,BR,0.28345925112565357,0.08349483290557753,30
28.200000000000003,CornerVorticityReferenceL2Norm,ref,BR,0.28321588039398193,0.08266048935665841,30
28.3,CornerVorticityReferenceL2Norm,ref,BR,0.2831057161092758,0.0819765537110008,30
28.400000000000002,CornerVorticityReferenceL2Norm,ref,BR,0.2831837077935537,0.08153766162893027,30
28.5,CornerVorticityReferenceL2Norm,ref,BR,0.2834096694986025,0.08133055028352365,30
28.6,CornerVorticityReferenceL2Norm,ref,BR,0.28361769368251166,0.08120076534397548,30
28.700000000000003,CornerVorticityReferenceL2Norm,ref,BR,0.28364760627349217,0.0810109339065517,30
28.8,CornerVorticityReferenceL2Norm,ref,BR,0.2834424604972204,0.08071987922696953,30
28.900000000000002,CornerVorticityReferenceL2Norm,ref,BR,0.282993428905805,0.08028713891450705,30
29.0,CornerVorticityReferenceL2Norm,ref,BR,0.28230224053064984,0.07962390161821367,30
29.1,CornerVorticityReferenceL2Norm,ref,BR,0.28141172379255297,0.07869068356041495,30
29.200000000000003,CornerVorticityReferenceL2Norm,ref,BR,0.28041537553071977,0.07758210505608781,30
29.3,CornerVorticityReferenceL2Norm,ref,BR,0.27944053908189137,0.07650783860667837,30
29.400000000000002,CornerVorticityReferenceL2Norm,ref,BR,0.2786224568883578,0.07570142696461214,30
29.5,CornerVorticityReferenceL2Norm,ref,BR,0.27805830985307695,0.07531272831041073,30
29.6,CornerVorticityReferenceL2Norm,ref,BR,0.27780789832274116,0.07538446415499503,30
29.700000000000003,CornerVorticityReferenceL2Norm,ref,BR,0.27792132248481116,0.0758973430118571,30
29.8,CornerVorticityReferenceL2Norm,ref,BR,0.278410966694355,0.07678106159412339,30
29.900000000000002,CornerVorticityReferenceL2Norm,ref,BR,0.2792260433236758,0.07791055434312945,30
30.0,CornerVorticityReferenceL2Norm,ref,BR,0.28030670682589215,0.07916661637831843,30
30.1,CornerVorticityReferenceL2Norm,ref,BR,0.28164977033933003,0.0805109344948638,30
30.200000000000003,CornerVorticityReferenceL2Norm,ref,BR,0.28324453632036845,0.081950135757575,30
30.3,CornerVorticityReferenceL2Norm,ref,BR,0.28497852285703024,0.08345136137620549,30
30.400000000000002,CornerVorticityReferenceL2Norm,ref,BR,0.2866808200875918,0.08493910911821205,30
30.5,CornerVorticityReferenceL2Norm,ref,BR,0.28818972607453663,0.08631941964832208,30
30.6,CornerVorticityReferenceL2Norm,ref,BR,0.2893603190779686,0.08747800244887731,30
30.700000000000003,CornerVorticityReferenceL2Norm,ref,BR,0.2900852903723717,0.0883001813493058,30
30.8,CornerVorticityReferenceL2Norm,ref,BR,0.2903442179163297,0.08872619907224458,30
30.900000000000002,CornerVorticityReferenceL2Norm,ref,BR,0.290227643152078,0.0887960122950608,30
31.0,CornerVorticityReferenceL2Norm,ref,BR,0.2898965716362,0.08863738878121746,30
31.1,CornerVorticityReferenceL2Norm,ref,BR,0.2895052457849185,0.08840087333961393,30
31.200000000000003,CornerVorticityReferenceL2Norm,ref,BR,0.28915518522262573,0.08819454041307427,30
31.3,CornerVorticityReferenceL2Norm,ref,BR,0.288893760740757,0.08805319536160634,30
31.400000000000002,CornerVorticityReferenceL2Norm,ref,BR,0.288727605342865,0.08794441271154645,30
31.5,CornerVorticityReferenceL2Norm,ref,BR,0.28862591137488686,0.08778862669163354,30
31.6,CornerVorticityReferenceL2Norm,ref,BR,0.2885410139958064,0.08750787911508409,30
31.700000000000003,CornerVorticityReferenceL2Norm,ref,BR,0.28844387431939444,0.0871006267771025,30
31.8,CornerVorticityReferenceL2Norm,ref,BR,0.28831536024808885,0.08665113373284584,30
31.900000000000002,CornerVorticityReferenceL2Norm,ref,BR,0.28813380052646004,0.08626885008753274,30
32.0,CornerVorticityReferenceL2Norm,ref,BR,0.28788583527008693,0.08602968705059727,30
32.1,CornerVorticityReferenceL2Norm,ref,BR,0.2875632743040721,0.08593848673160985,30
32.2,CornerVorticityReferenceL2Norm,ref,BR,0.2871552919348081,0.08592662813209428,30
32.300000000000004,CornerVorticityReferenceL2Norm,ref,BR,0.2866427590449651,0.08587523323544838,30
32.4,CornerVorticityReferenceL2Norm,ref,BR,0.2859905327359835,0.08565254024487763,30
32.5,CornerVorticityReferenceL2Norm,ref,BR,0.28516857673724494,0.08517815663576536,30
32.6,CornerVorticityReferenceL2Norm,ref,BR,0.2841821293036143,0.08445535205374158,30
32.7,CornerVorticityReferenceL2Norm,ref,BR,0.2830874080459277,0.08355314213304202,30
32.800000000000004,CornerVorticityReferenceL2Norm,ref,BR,0.28200144519408543,0.08258381911114523,30
32.9,CornerVorticityReferenceL2Norm,ref,BR,0.2810981641213099,0.08168721841219058,30
33.0,CornerVorticityReferenceL2Norm,ref,BR,0.28051495204369226,0.08098543004241938,30
33.1,CornerVorticityReferenceL2Norm,ref,BR,0.2802267884214719,0.08049627329045195,30
33.2,CornerVorticityReferenceL2Norm,ref,BR,0.28011650691429774,0.08014749023767151,30
33.300000000000004,CornerVorticityReferenceL2Norm,ref,BR,0.2800902451078097,0.07985332442997103,30
33.4,CornerVorticityReferenceL2Norm,ref,BR,0.2800579826037089,0.07951513511287049,30
33.5,CornerVorticityReferenceL2Norm,ref,BR,0.2799485221505165,0.0790640543073037,30
33.6,CornerVorticityReferenceL2Norm,ref,BR,0.27976388136545816,0.07854223424060057,30
33.7,CornerVorticityReferenceL2Norm,ref,BR,0.27953845659891763,0.07805626948871007,30
33.800000000000004,CornerVorticityReferenceL2Norm,ref,BR,0.2792911857366562,0.0776801850154792,30
33.9,CornerVorticityReferenceL2Norm,ref,BR,0.27903765787680945,0.07741957781556087,30
34.0,CornerVorticityReferenceL2Norm,ref,BR,0.2788221816221873,0.07724309956712758,30
34.1,CornerVorticityReferenceL2Norm,ref,BR,0.2787349621454875,0.07717665357266507,30
34.2,CornerVorticityReferenceL2Norm,ref,BR,0.2789067755142848,0.07739069836102051,30
34.300000000000004,CornerVorticityReferenceL2Norm,ref,BR,0.2794720768928528,0.07815120581916891,30
34.4,CornerVorticityReferenceL2Norm,ref,BR,0.28047254085540774,0.07959405893263777,30
34.5,CornerVorticityReferenceL2Norm,ref,BR,0.2818139955401421,0.0815969970426105,30
34.6,CornerVorticityReferenceL2Norm,ref,BR,0.2833201249440511,0.08388745556787548,30
34.7,CornerVorticityReferenceL2Norm,ref,BR,0.28475479980309804,0.08610685390574976,30
34.800000000000004,CornerVorticityReferenceL2Norm,ref,BR,0.28587007770935696,0.08789312083267659,30
34.9,CornerVorticityReferenceL2Norm,ref,BR,0.28650322556495667,0.08904094455876253,30
35.0,CornerVorticityReferenceL2Norm,ref,BR,0.28663983444372815,0.08954785973166969,30
35.1,CornerVorticityReferenceL2Norm,ref,BR,0.28641600062449774,0.08953865094748419,30
35.2,CornerVorticityReferenceL2Norm,ref,BR,0.2860680803656578,0.08916963530287407,30
35.300000000000004,CornerVorticityReferenceL2Norm,ref,BR,0.2858190630873044,0.08856268091391781,30
35.4,CornerVorticityReferenceL2Norm,ref,BR,0.28576590567827226,0.0877868041861229,30
35.5,CornerVorticityReferenceL2Norm,ref,BR,0.2858950808644295,0.08685027517347908,30
35.6,CornerVorticityReferenceL2Norm,ref,BR,0.2861475373307864,0.08572807507468698,30
35.7,CornerVorticityReferenceL2Norm,ref,BR,0.2864328463872274,0.08442594726151086,30
35.800000000000004,CornerVorticityReferenceL2Norm,ref,BR,0.2866408293445905,0.08300599919129806,30
35.9,CornerVorticityReferenceL2Norm,ref,BR,0.28668306618928907,0.08156863718566244,30
36.0,CornerVorticityReferenceL2Norm,ref,BR,0.28654487083355584,0.08023317839310791,30
36.1,CornerVorticityReferenceL2Norm,ref,BR,0.28628473579883573,0.07912196530043933,30
36.2,CornerVorticityReferenceL2Norm,ref,BR,0.2859741965929667,0.07833247480664042,30
36.300000000000004,CornerVorticityReferenceL2Norm,ref,BR,0.2856702764829,0.07793230906440365,30
36.4,CornerVorticityReferenceL2Norm,ref,BR,0.28543576995531716,0.07798216811224183,30
36.5,CornerVorticityReferenceL2Norm,ref,BR,0.28534156729777654,0.0785442146769319,30
36.6,CornerVorticityReferenceL2Norm,ref,BR,0.28538061628739037,0.07962047118615156,30
36.7,CornerVorticityReferenceL2Norm,ref,BR,0.28542868892351786,0.08107788260282488,30
36.800000000000004,CornerVorticityReferenceL2Norm,ref,BR,0.28535379519065224,0.08268794648606934,30
36.9,CornerVorticityReferenceL2Norm,ref,BR,0.28506072560946144,0.08416979012000703,30
37.0,CornerVorticityReferenceL2Norm,ref,BR,0.2844904397924741,0.08523473150641654,30
37.1,CornerVorticityReferenceL2Norm,ref,BR,0.28365407238403956,0.08571471205495586,30
37.2,CornerVorticityReferenceL2Norm,ref,BR,0.282638481259346,0.08563199220049908,30
37.300000000000004,CornerVorticityReferenceL2Norm,ref,BR,0.28157518555720645,0.08514893603961228,30
37.4,CornerVorticityReferenceL2Norm,ref,BR,0.28063195049762724,0.08449748872571033,30
37.5,CornerVorticityReferenceL2Norm,ref,BR,0.28001415729522705,0.08392409063054251,30
37.6,CornerVorticityReferenceL2Norm,ref,BR,0.27988865971565247,0.08361021684217924,30
37.7,CornerVorticityReferenceL2Norm,ref,BR,0.28028245717287065,0.08361585109321164,30
37.800000000000004,CornerVorticityReferenceL2Norm,ref,BR,0.28108050574858984,0.08389672676085431,30
37.9,CornerVorticityReferenceL2Norm,ref,BR,0.28209852675596875,0.08432561679035008,30
38.0,CornerVorticityReferenceL2Norm,ref,BR,0.28314783424139023,0.08470439418743786,30
38.1,CornerVorticityReferenceL2Norm,ref,BR,0.28407654017210004,0.08483152380140169,30
38.2,CornerVorticityReferenceL2Norm,ref,BR,0.28481508841117226,0.08461414768001739,30
38.300000000000004,CornerVorticityReferenceL2Norm,ref,BR,0.2853987291455269,0.08412261464015976,30
38.400000000000006,CornerVorticityReferenceL2Norm,ref,BR,0.28591532359520594,0.08353210132458283,30
38.5,CornerVorticityReferenceL2Norm,ref,BR,0.2864165037870407,0.08300818833259319,30
38.6,CornerVorticityReferenceL2Norm,ref,BR,0.2868975932399432,0.08264262311353929,30
38.7,CornerVorticityReferenceL2Norm,ref,BR,0.28735614319642383,0.08248132744900019,30
38.800000000000004,CornerVorticityReferenceL2Norm,ref,BR,0.2878701413671176,0.08259222291819972,30
38.900000000000006,CornerVorticityReferenceL2Norm,ref,BR,0.28861008683840433,0.08312027022033537,30
39.0,CornerVorticityReferenceL2Norm,ref,BR,0.2895278920729955,0.08410368179033521,30
39.1,CornerVorticityReferenceL2Norm,ref,BR,0.29028175423542657,0.08528564971753186,30
39.2,CornerVorticityReferenceL2Norm,ref,BR,0.29066850543022155,0.08644236491006527,30
39.300000000000004,CornerVorticityReferenceL2Norm,ref,BR,0.29059925973415374,0.08739055917097303,30
39.400000000000006,CornerVorticityReferenceL2Norm,ref,BR,0.28996127247810366,0.08779818396518091,30
39.5,CornerVorticityReferenceL2Norm,ref,BR,0.2887385676304499,0.08748650704422085,30
39.6,CornerVorticityReferenceL2Norm,ref,BR,0.2870603561401367,0.0866075753281189,30
39.7,CornerVorticityReferenceL2Norm,ref,BR,0.2851109152038892,0.08543287609553145,30
39.800000000000004,CornerVorticityReferenceL2Norm,ref,BR,0.2830669437845548,0.0841701279171701,30
39.900000000000006,CornerVorticityReferenceL2Norm,ref,BR,0.28109315584103267,0.08295486744796281,30
40.0,CornerVorticityReferenceL2Norm,ref,BR,0.27933179984490075,0.08187375563344002,30
